"CEI","Nom","Prénom","Poste","District","Compétence","Validité","Obsolescence"
"Guingamp","BOSCHAT","BRUNO","responsable d'explo","District 22","Engins de service hivernal _ ACES","07/12/2027","Durable"
"Guingamp","BOSCHAT","BRUNO","responsable d'explo","District 22","Bennes amovibles _ ACES","26/10/2033","Durable"
"Guingamp","BOSCHAT","BRUNO","responsable d'explo","District 22","Tronçonnage","15/03/2029","Durable"
"Guingamp","BOSCHAT","BRUNO","responsable d'explo","District 22","QUAPODES","21/05/2031","Durable"
"Guingamp","BOSCHAT","BRUNO","responsable d'explo","District 22","Tondeuses autoportées _ ACES","27/04/2028","Durable"
"Guingamp","BOSCHAT","BRUNO","responsable d'explo","District 22","Tracteur >50 cv _ ACES","27/04/2028","Durable"
"Guingamp","BOSCHAT","BRUNO","responsable d'explo","District 22","tracteurs >50cv avec super-épareuse _ ACES engin de chantier","27/04/2028","Durable"
"Guingamp","BOSCHAT","BRUNO","responsable d'explo","District 22","Chariot élévateur- téléscopique_ ACES","05/09/2030","Durable"
"Guingamp","BOSCHAT","BRUNO","responsable d'explo","District 22","Gerbeur _ ACES","10/04/2031","Durable"
"Guingamp","BOSCHAT","BRUNO","responsable d'explo","District 22","Grues auxiliaires _ ACES","26/10/2028","Durable"
"Guingamp","BOSCHAT","BRUNO","responsable d'explo","District 22",NA,NA,NA
"Guingamp","COLLIN","MICHEL","agent d'exploitation","District 22","Engins de service hivernal _ ACES","03/12/2030","Durable"
"Guingamp","COLLIN","MICHEL","agent d'exploitation","District 22","Bennes amovibles _ ACES","26/10/2033","Durable"
"Guingamp","COLLIN","MICHEL","agent d'exploitation","District 22","Tronçonnage","06/03/2031","Durable"
"Guingamp","COLLIN","MICHEL","agent d'exploitation","District 22","MTS _ Module théorique de Sécurité","25/03/2030","Durable"
"Guingamp","COLLIN","MICHEL","agent d'exploitation","District 22","AIPR Opérateur","19/11/2029","Durable"
"Guingamp","COLLIN","MICHEL","agent d'exploitation","District 22","Tondeuses autoportées _ ACES","25/03/2032","Durable"
"Guingamp","COLLIN","MICHEL","agent d'exploitation","District 22","Tracteur >50 cv _ ACES","25/03/2032","Durable"
"Guingamp","COLLIN","MICHEL","agent d'exploitation","District 22","tracteurs >50cv avec super-épareuse _ ACES engin de chantier","25/03/2032","Durable"
"Guingamp","COLLIN","MICHEL","agent d'exploitation","District 22","Chariot élévateur- téléscopique_ ACES","15/02/2029","Durable"
"Guingamp","COLLIN","MICHEL","agent d'exploitation","District 22","Nacelles 1B _ ACES","03/06/2027","Moins d'1 an"
"Guingamp","COLLIN","MICHEL","agent d'exploitation","District 22","Gerbeur _ ACES","15/09/2027","Durable"
"Guingamp","COLLIN","MICHEL","agent d'exploitation","District 22","Grues auxiliaires _ ACES","26/10/2028","Durable"
"Guingamp","COLLIN","MICHEL","agent d'exploitation","District 22",NA,NA,NA
"Guingamp","COTTON","VALERIE","responsable d'explo","District 22","Engins de service hivernal _ ACES","06/02/2035","Durable"
"Guingamp","COTTON","VALERIE","responsable d'explo","District 22","Bennes amovibles _ ACES","28/05/2036","Durable"
"Guingamp","COTTON","VALERIE","responsable d'explo","District 22","Porte-engins _ ACES","10/07/2035","Durable"
"Guingamp","COTTON","VALERIE","responsable d'explo","District 22","Tronçonnage","06/03/2030","Durable"
"Guingamp","COTTON","VALERIE","responsable d'explo","District 22","AIPR - Encadrant","07/11/2029","Durable"
"Guingamp","COTTON","VALERIE","responsable d'explo","District 22"," 100CV"">Tracteur >100CV _ ACES","11/06/2036","Durable"
"Guingamp","COTTON","VALERIE","responsable d'explo","District 22","Mini-pelles _ ACES","08/02/2034","Durable"
"Guingamp","COTTON","VALERIE","responsable d'explo","District 22","Chariot élévateur- téléscopique_ ACES","08/04/2031","Durable"
"Guingamp","COTTON","VALERIE","responsable d'explo","District 22","Gerbeur _ ACES","09/04/2031","Durable"
"Guingamp","COTTON","VALERIE","responsable d'explo","District 22","Grues auxiliaires _ ACES","28/05/2031","Durable"
"Guingamp","COTTON","VALERIE","responsable d'explo","District 22",NA,NA,NA
"Guingamp","DUBUS","MAXIME","chef equipe a","District 22","Engins de service hivernal _ ACES","07/11/2029","Durable"
"Guingamp","DUBUS","MAXIME","chef equipe a","District 22","Bennes amovibles _ ACES","19/03/2031","Durable"
"Guingamp","DUBUS","MAXIME","chef equipe a","District 22","Porte-engins _ ACES","24/04/2035","Durable"
"Guingamp","DUBUS","MAXIME","chef equipe a","District 22","Tronçonnage","18/03/2027","Moins d'1 an"
"Guingamp","DUBUS","MAXIME","chef equipe a","District 22","MTS _ Module théorique de Sécurité","25/03/2030","Durable"
"Guingamp","DUBUS","MAXIME","chef equipe a","District 22","AIPR Opérateur","14/11/2029","Durable"
"Guingamp","DUBUS","MAXIME","chef equipe a","District 22","Tondeuses autoportées _ ACES","23/10/2030","Durable"
"Guingamp","DUBUS","MAXIME","chef equipe a","District 22","Tracteur >50 cv _ ACES","23/10/2030","Durable"
"Guingamp","DUBUS","MAXIME","chef equipe a","District 22","tracteurs >50cv avec super-épareuse _ ACES engin de chantier","23/10/2030","Durable"
"Guingamp","DUBUS","MAXIME","chef equipe a","District 22","Mini-pelles _ ACES","18/04/2034","Durable"
"Guingamp","DUBUS","MAXIME","chef equipe a","District 22","Chariot élévateur- téléscopique_ ACES","08/04/2031","Durable"
"Guingamp","DUBUS","MAXIME","chef equipe a","District 22","Nacelles 1B _ ACES","18/06/2031","Durable"
"Guingamp","DUBUS","MAXIME","chef equipe a","District 22","Nacelles 3B _ ACES","18/06/2031","Durable"
"Guingamp","DUBUS","MAXIME","chef equipe a","District 22","Gerbeur _ ACES","09/04/2031","Durable"
"Guingamp","DUBUS","MAXIME","chef equipe a","District 22",NA,NA,NA
"Guingamp","LE BARS","NICOLAS","agent d'exploitation","District 22","Engins de service hivernal _ ACES","18/12/2035","Durable"
"Guingamp","LE BARS","NICOLAS","agent d'exploitation","District 22","Bennes amovibles _ ACES","18/12/2035","Durable"
"Guingamp","LE BARS","NICOLAS","agent d'exploitation","District 22","Tronçonnage","07/11/2030","Durable"
"Guingamp","LE BARS","NICOLAS","agent d'exploitation","District 22","QUAPODES","27/03/2030","Durable"
"Guingamp","LE BARS","NICOLAS","agent d'exploitation","District 22","MTS _ Module théorique de Sécurité","25/03/2030","Durable"
"Guingamp","LE BARS","NICOLAS","agent d'exploitation","District 22"," 100CV"">Tracteur >100CV _ ACES","22/05/2036","Durable"
"Guingamp","LE BARS","NICOLAS","agent d'exploitation","District 22","Chariot élévateur- téléscopique_ ACES","26/09/2030","Durable"
"Guingamp","LE BARS","NICOLAS","agent d'exploitation","District 22","Nacelles 1B _ ACES","18/06/2031","Durable"
"Guingamp","LE BARS","NICOLAS","agent d'exploitation","District 22","Nacelles 3B _ ACES","18/06/2031","Durable"
"Guingamp","LE BARS","NICOLAS","agent d'exploitation","District 22",NA,NA,NA
"Guingamp","LE COCQUEN","MICKAEL","agent d'exploitation","District 22","Engins de service hivernal _ ACES","29/01/2035","Durable"
"Guingamp","LE COCQUEN","MICKAEL","agent d'exploitation","District 22","CACES R490 : grues de chargement","17/09/2034","Durable"
"Guingamp","LE COCQUEN","MICKAEL","agent d'exploitation","District 22","Porte-engins _ ACES","29/01/2035","Durable"
"Guingamp","LE COCQUEN","MICKAEL","agent d'exploitation","District 22","QUAPODES","05/02/2031","Durable"
"Guingamp","LE COCQUEN","MICKAEL","agent d'exploitation","District 22","MTS _ Module théorique de Sécurité","03/02/2031","Durable"
"Guingamp","LE COCQUEN","MICKAEL","agent d'exploitation","District 22","AIPR Opérateur","19/12/2029","Durable"
"Guingamp","LE COCQUEN","MICKAEL","agent d'exploitation","District 22"," 100CV"">Tracteur >100CV _ ACES","29/01/2035","Durable"
"Guingamp","LE COCQUEN","MICKAEL","agent d'exploitation","District 22","Tondeuses autoportées _ ACES","29/01/2035","Durable"
"Guingamp","LE COCQUEN","MICKAEL","agent d'exploitation","District 22","Mini-pelles _ ACES","12/10/2031","Durable"
"Guingamp","LE COCQUEN","MICKAEL","agent d'exploitation","District 22","Nacelles 1B _ ACES","18/06/2031","Durable"
"Guingamp","LE COCQUEN","MICKAEL","agent d'exploitation","District 22","Nacelles 3B _ ACES","18/06/2031","Durable"
"Guingamp","LE COCQUEN","MICKAEL","agent d'exploitation","District 22","Gerbeur _ ACES","10/04/2031","Durable"
"Guingamp","LE COCQUEN","MICKAEL","agent d'exploitation","District 22",NA,NA,NA
"Guingamp","LE GAC","DOMINIQUE","responsable de cei","District 22",NA,NA,NA
"Guingamp","LE GALL","YANN","agent d'exploitation","District 22","Engins de service hivernal _ ACES","05/01/2033","Durable"
"Guingamp","LE GALL","YANN","agent d'exploitation","District 22","Bennes amovibles _ ACES","30/11/2033","Durable"
"Guingamp","LE GALL","YANN","agent d'exploitation","District 22","Porte-engins _ ACES","24/04/2035","Durable"
"Guingamp","LE GALL","YANN","agent d'exploitation","District 22","Tronçonnage","25/02/2027","Moins de 6 mois"
"Guingamp","LE GALL","YANN","agent d'exploitation","District 22","MTS _ Module théorique de Sécurité","18/03/2030","Durable"
"Guingamp","LE GALL","YANN","agent d'exploitation","District 22","AIPR Opérateur","22/11/2028","Durable"
"Guingamp","LE GALL","YANN","agent d'exploitation","District 22","Tondeuses autoportées _ ACES","25/03/2032","Durable"
"Guingamp","LE GALL","YANN","agent d'exploitation","District 22","Tracteur >50 cv _ ACES","25/03/2032","Durable"
"Guingamp","LE GALL","YANN","agent d'exploitation","District 22","tracteurs >50cv avec super-épareuse _ ACES engin de chantier","25/03/2032","Durable"
"Guingamp","LE GALL","YANN","agent d'exploitation","District 22","Mini-pelles _ ACES","09/11/2033","Durable"
"Guingamp","LE GALL","YANN","agent d'exploitation","District 22","Chariot élévateur- téléscopique_ ACES","05/09/2030","Durable"
"Guingamp","LE GALL","YANN","agent d'exploitation","District 22","Nacelles 1B _ ACES","03/06/2027","Moins d'1 an"
"Guingamp","LE GALL","YANN","agent d'exploitation","District 22","Gerbeur _ ACES","08/04/2031","Durable"
"Guingamp","LE GALL","YANN","agent d'exploitation","District 22","Grues auxiliaires _ ACES","30/11/2028","Durable"
"Guingamp","LE GALL","YANN","agent d'exploitation","District 22",NA,NA,NA
"Guingamp","LE GARS","STEPHANE","agent d'exploitation","District 22","Engins de service hivernal _ ACES","28/11/2034","Durable"
"Guingamp","LE GARS","STEPHANE","agent d'exploitation","District 22","Bennes amovibles _ ACES","13/09/2034","Durable"
"Guingamp","LE GARS","STEPHANE","agent d'exploitation","District 22","Tronçonnage","08/11/2029","Durable"
"Guingamp","LE GARS","STEPHANE","agent d'exploitation","District 22","QUAPODES","19/03/2029","Durable"
"Guingamp","LE GARS","STEPHANE","agent d'exploitation","District 22","MTS _ Module théorique de Sécurité","11/09/2029","Durable"
"Guingamp","LE GARS","STEPHANE","agent d'exploitation","District 22","Chariot élévateur- téléscopique_ ACES","05/09/2030","Durable"
"Guingamp","LE GARS","STEPHANE","agent d'exploitation","District 22","Chariots automoteurs _ ACES","07/01/2027","Moins de 6 mois"
"Guingamp","LE GARS","STEPHANE","agent d'exploitation","District 22","Nacelles 1B _ ACES","18/06/2031","Durable"
"Guingamp","LE GARS","STEPHANE","agent d'exploitation","District 22","Nacelles 3B _ ACES","18/06/2031","Durable"
"Guingamp","LE GARS","STEPHANE","agent d'exploitation","District 22","Gerbeur _ ACES","10/04/2031","Durable"
"Guingamp","LE GARS","STEPHANE","agent d'exploitation","District 22","Grues auxiliaires _ ACES","13/09/2029","Durable"
"Guingamp","LE GARS","STEPHANE","agent d'exploitation","District 22",NA,NA,NA
"Guingamp","LEURANGUER","THIERRY",NA,"District 22","Engins de service hivernal _ ACES","20/11/2030","Durable"
"Guingamp","LEURANGUER","THIERRY",NA,"District 22","Bennes amovibles _ ACES","26/10/2033","Durable"
"Guingamp","LEURANGUER","THIERRY",NA,"District 22","MTS _ Module théorique de Sécurité","25/03/2030","Durable"
"Guingamp","LEURANGUER","THIERRY",NA,"District 22","Tondeuses autoportées _ ACES","25/03/2032","Durable"
"Guingamp","LEURANGUER","THIERRY",NA,"District 22","Tracteur >50 cv _ ACES","25/03/2032","Durable"
"Guingamp","LEURANGUER","THIERRY",NA,"District 22","tracteurs >50cv avec super-épareuse _ ACES engin de chantier","25/03/2032","Durable"
"Guingamp","LEURANGUER","THIERRY",NA,"District 22","Chariot élévateur- téléscopique_ ACES","05/09/2030","Durable"
"Guingamp","LEURANGUER","THIERRY",NA,"District 22","Nacelles 1B _ ACES","19/05/2027","Moins d'1 an"
"Guingamp","LEURANGUER","THIERRY",NA,"District 22","Gerbeur _ ACES","15/09/2027","Durable"
"Guingamp","LEURANGUER","THIERRY",NA,"District 22","Grues auxiliaires _ ACES","26/10/2028","Durable"
"Guingamp","LOSSOUARN","HERVE","agent d'exploitation","District 22",NA,NA,NA
"Guingamp","LOSSOUARN ","HERVE",NA,"District 22","Engins de service hivernal _ ACES","05/01/2033","Durable"
"Guingamp","LOSSOUARN ","HERVE",NA,"District 22","Bennes amovibles _ ACES","13/09/2034","Durable"
"Guingamp","LOSSOUARN ","HERVE",NA,"District 22","Porte-engins _ ACES","10/07/2035","Durable"
"Guingamp","LOSSOUARN ","HERVE",NA,"District 22","Tronçonnage","09/02/2028","Durable"
"Guingamp","LOSSOUARN ","HERVE",NA,"District 22","MTS _ Module théorique de Sécurité","11/09/2029","Durable"
"Guingamp","LOSSOUARN ","HERVE",NA,"District 22","AIPR Opérateur","22/11/2028","Durable"
"Guingamp","LOSSOUARN ","HERVE",NA,"District 22","Tondeuses autoportées _ ACES","25/03/2032","Durable"
"Guingamp","LOSSOUARN ","HERVE",NA,"District 22","Tracteur >50 cv _ ACES","25/03/2032","Durable"
"Guingamp","LOSSOUARN ","HERVE",NA,"District 22","tracteurs >50cv avec super-épareuse _ ACES engin de chantier","25/03/2032","Durable"
"Guingamp","LOSSOUARN ","HERVE",NA,"District 22","Mini-pelles _ ACES","09/11/2033","Durable"
"Guingamp","LOSSOUARN ","HERVE",NA,"District 22","Chariot élévateur- téléscopique_ ACES","05/09/2030","Durable"
"Guingamp","LOSSOUARN ","HERVE",NA,"District 22","Nacelles 1B _ ACES","03/06/2027","Moins d'1 an"
"Guingamp","LOSSOUARN ","HERVE",NA,"District 22","Gerbeur _ ACES","21/09/2028","Durable"
"Guingamp","LOSSOUARN ","HERVE",NA,"District 22","Grues auxiliaires _ ACES","13/09/2029","Durable"
"Guingamp","MOISAN","ANTHONY","agent d'exploitation","District 22","Engins de service hivernal _ ACES","30/01/2036","Durable"
"Guingamp","MOISAN","ANTHONY","agent d'exploitation","District 22","Tronçonnage","14/03/2030","Durable"
"Guingamp","MOISAN","ANTHONY","agent d'exploitation","District 22","QUAPODES","27/03/2030","Durable"
"Guingamp","MOISAN","ANTHONY","agent d'exploitation","District 22","MTS _ Module théorique de Sécurité","25/03/2030","Durable"
"Guingamp","MOISAN","ANTHONY","agent d'exploitation","District 22"," 100CV"">Tracteur >100CV _ ACES","22/05/2036","Durable"
"Guingamp","MOISAN","ANTHONY","agent d'exploitation","District 22","Mini-pelles _ ACES","22/10/2035","Durable"
"Guingamp","MOISAN","ANTHONY","agent d'exploitation","District 22","Chariot élévateur- téléscopique_ ACES","23/10/2030","Durable"
"Guingamp","MOISAN","ANTHONY","agent d'exploitation","District 22","Nacelles 1B _ ACES","18/06/2031","Durable"
"Guingamp","MOISAN","ANTHONY","agent d'exploitation","District 22","Nacelles 3B _ ACES","18/06/2031","Durable"
"Guingamp","MOISAN","ANTHONY","agent d'exploitation","District 22","Gerbeur _ ACES","08/04/2031","Durable"
"Guingamp","MOISAN","ANTHONY","agent d'exploitation","District 22",NA,NA,NA
"Guingamp","PATCHE","JIMMY","agent d'exploitation","District 22","Engins de service hivernal _ ACES","03/12/2030","Durable"
"Guingamp","PATCHE","JIMMY","agent d'exploitation","District 22","Bennes amovibles _ ACES","30/11/2033","Durable"
"Guingamp","PATCHE","JIMMY","agent d'exploitation","District 22","Chargeuses, chargeuses-pelleteuses _ ACES","07/07/2033","Durable"
"Guingamp","PATCHE","JIMMY","agent d'exploitation","District 22","Porte-engins _ ACES","24/04/2035","Durable"
"Guingamp","PATCHE","JIMMY","agent d'exploitation","District 22","Tronçonnage","02/02/2028","Durable"
"Guingamp","PATCHE","JIMMY","agent d'exploitation","District 22","QUAPODES","02/06/2028","Durable"
"Guingamp","PATCHE","JIMMY","agent d'exploitation","District 22","MTS _ Module théorique de Sécurité","27/06/2029","Durable"
"Guingamp","PATCHE","JIMMY","agent d'exploitation","District 22","AIPR Opérateur","14/11/2029","Durable"
"Guingamp","PATCHE","JIMMY","agent d'exploitation","District 22","Tondeuses autoportées _ ACES","07/07/2033","Durable"
"Guingamp","PATCHE","JIMMY","agent d'exploitation","District 22","Tracteur >50 cv _ ACES","07/07/2033","Durable"
"Guingamp","PATCHE","JIMMY","agent d'exploitation","District 22","tracteurs >50cv avec super-épareuse _ ACES engin de chantier","07/07/2033","Durable"
"Guingamp","PATCHE","JIMMY","agent d'exploitation","District 22","Chariot élévateur- téléscopique_ ACES","28/06/2029","Durable"
"Guingamp","PATCHE","JIMMY","agent d'exploitation","District 22","Nacelles 1B _ ACES","19/05/2027","Moins d'1 an"
"Guingamp","PATCHE","JIMMY","agent d'exploitation","District 22","Gerbeur _ ACES","08/04/2031","Durable"
"Guingamp","PATCHE","JIMMY","agent d'exploitation","District 22","Grues auxiliaires _ ACES","30/11/2028","Durable"
"Guingamp","PATCHE","JIMMY","agent d'exploitation","District 22",NA,NA,NA
"Guingamp","PEROU","CHRISTOPHE","agent d'exploitation","District 22","Engins de service hivernal _ ACES","21/02/2029","Durable"
"Guingamp","PEROU","CHRISTOPHE","agent d'exploitation","District 22","Tronçonnage","06/03/2030","Durable"
"Guingamp","PEROU","CHRISTOPHE","agent d'exploitation","District 22","MTS _ Module théorique de Sécurité","11/09/2029","Durable"
"Guingamp","PEROU","CHRISTOPHE","agent d'exploitation","District 22","AIPR Opérateur","14/11/2029","Durable"
"Guingamp","PEROU","CHRISTOPHE","agent d'exploitation","District 22","Tondeuses autoportées _ ACES","21/10/2032","Durable"
"Guingamp","PEROU","CHRISTOPHE","agent d'exploitation","District 22","Tracteur >50 cv _ ACES","21/10/2032","Durable"
"Guingamp","PEROU","CHRISTOPHE","agent d'exploitation","District 22","tracteurs >50cv avec super-épareuse _ ACES engin de chantier","21/10/2032","Durable"
"Guingamp","PEROU","CHRISTOPHE","agent d'exploitation","District 22","Mini-pelles _ ACES","09/11/2033","Durable"
"Guingamp","PEROU","CHRISTOPHE","agent d'exploitation","District 22","Gerbeur _ ACES","10/04/2031","Durable"
"Guingamp","PEROU","CHRISTOPHE","agent d'exploitation","District 22",NA,NA,NA
"Guingamp","PINARD","ERWAN","chef equipe b","District 22","Engins de service hivernal _ ACES","25/09/2035","Durable"
"Guingamp","PINARD","ERWAN","chef equipe b","District 22","Bennes amovibles _ ACES","26/10/2033","Durable"
"Guingamp","PINARD","ERWAN","chef equipe b","District 22","Tronçonnage","06/03/2031","Durable"
"Guingamp","PINARD","ERWAN","chef equipe b","District 22","MTS _ Module théorique de Sécurité","22/05/2030","Durable"
"Guingamp","PINARD","ERWAN","chef equipe b","District 22","AIPR - Encadrant","07/11/2029","Durable"
"Guingamp","PINARD","ERWAN","chef equipe b","District 22"," 100CV"">Tracteur >100CV _ ACES","11/06/2036","Durable"
"Guingamp","PINARD","ERWAN","chef equipe b","District 22","Chariot élévateur- téléscopique_ ACES","26/09/2030","Durable"
"Guingamp","PINARD","ERWAN","chef equipe b","District 22","Nacelles 1B _ ACES","19/05/2027","Moins d'1 an"
"Guingamp","PINARD","ERWAN","chef equipe b","District 22","Gerbeur _ ACES","21/09/2028","Durable"
"Guingamp","PINARD","ERWAN","chef equipe b","District 22","Grues auxiliaires _ ACES","26/10/2028","Durable"
"Guingamp","PINARD","ERWAN","chef equipe b","District 22",NA,NA,NA
"Guingamp","PRIGENT","YOHANN","agent d'exploitation","District 22","Engins de service hivernal _ ACES","28/11/2034","Durable"
"Guingamp","PRIGENT","YOHANN","agent d'exploitation","District 22","Bennes amovibles _ ACES","13/09/2034","Durable"
"Guingamp","PRIGENT","YOHANN","agent d'exploitation","District 22","CACES R490 : grues de chargement","04/03/2030","Durable"
"Guingamp","PRIGENT","YOHANN","agent d'exploitation","District 22","Chargeuses, chargeuses-pelleteuses _ ACES","15/09/2033","Durable"
"Guingamp","PRIGENT","YOHANN","agent d'exploitation","District 22","Tronçonnage","08/11/2029","Durable"
"Guingamp","PRIGENT","YOHANN","agent d'exploitation","District 22","MTS _ Module théorique de Sécurité","11/09/2029","Durable"
"Guingamp","PRIGENT","YOHANN","agent d'exploitation","District 22","Tondeuses autoportées _ ACES","13/09/2033","Durable"
"Guingamp","PRIGENT","YOHANN","agent d'exploitation","District 22","tracteurs >50cv avec super-épareuse _ ACES engin de chantier","13/09/2033","Durable"
"Guingamp","PRIGENT","YOHANN","agent d'exploitation","District 22","Chariot élévateur- téléscopique_ ACES","08/04/2031","Durable"
"Guingamp","PRIGENT","YOHANN","agent d'exploitation","District 22","CACES R489 cat3 : chariots automoteurs à conducteur porté","10/01/2030","Durable"
"Guingamp","PRIGENT","YOHANN","agent d'exploitation","District 22","Nacelles 1B _ ACES","18/06/2031","Durable"
"Guingamp","PRIGENT","YOHANN","agent d'exploitation","District 22","Nacelles 3B _ ACES","18/06/2031","Durable"
"Guingamp","PRIGENT","YOHANN","agent d'exploitation","District 22","Gerbeur _ ACES","09/04/2031","Durable"
"Guingamp","PRIGENT","YOHANN","agent d'exploitation","District 22","Grues auxiliaires _ ACES","13/09/2029","Durable"
"Guingamp","PRIGENT","YOHANN","agent d'exploitation","District 22",NA,NA,NA
"Guingamp","SIMON","JEROME","agent d'exploitation","District 22","Engins de service hivernal _ ACES","15/11/2028","Durable"
"Guingamp","SIMON","JEROME","agent d'exploitation","District 22","Bennes amovibles _ ACES","19/03/2031","Durable"
"Guingamp","SIMON","JEROME","agent d'exploitation","District 22","Tronçonnage","15/03/2029","Durable"
"Guingamp","SIMON","JEROME","agent d'exploitation","District 22","MTS _ Module théorique de Sécurité","27/06/2029","Durable"
"Guingamp","SIMON","JEROME","agent d'exploitation","District 22","AIPR Opérateur","19/11/2029","Durable"
"Guingamp","SIMON","JEROME","agent d'exploitation","District 22","Tondeuses autoportées _ ACES","04/09/2030","Durable"
"Guingamp","SIMON","JEROME","agent d'exploitation","District 22","Tracteur >50 cv _ ACES","04/09/2030","Durable"
"Guingamp","SIMON","JEROME","agent d'exploitation","District 22","tracteurs >50cv avec super-épareuse _ ACES engin de chantier","04/09/2030","Durable"
"Guingamp","SIMON","JEROME","agent d'exploitation","District 22","Chariot élévateur- téléscopique_ ACES","28/06/2029","Durable"
"Guingamp","SIMON","JEROME","agent d'exploitation","District 22","Nacelles 1B _ ACES","03/06/2027","Moins d'1 an"
"Guingamp","SIMON","JEROME","agent d'exploitation","District 22","Gerbeur _ ACES","09/04/2031","Durable"
"Guingamp","SIMON","JEROME","agent d'exploitation","District 22",NA,NA,NA
"Le Perray","BERNARD","FRANCK","agent d'exploitation","District 22","Engins de service hivernal _ ACES","09/12/2026","Moins de 6 mois"
"Le Perray","BERNARD","FRANCK","agent d'exploitation","District 22","Bennes amovibles _ ACES","26/03/2035","Durable"
"Le Perray","BERNARD","FRANCK","agent d'exploitation","District 22","Tronçonnage","23/02/2028","Durable"
"Le Perray","BERNARD","FRANCK","agent d'exploitation","District 22","MTS _ Module théorique de Sécurité","25/03/2030","Durable"
"Le Perray","BERNARD","FRANCK","agent d'exploitation","District 22","AIPR Opérateur","22/11/2027","Durable"
"Le Perray","BERNARD","FRANCK","agent d'exploitation","District 22","Tondeuses autoportées _ ACES","27/04/2028","Durable"
"Le Perray","BERNARD","FRANCK","agent d'exploitation","District 22","Tracteur >50 cv _ ACES","27/04/2028","Durable"
"Le Perray","BERNARD","FRANCK","agent d'exploitation","District 22","tracteurs >50cv avec super-épareuse _ ACES engin de chantier","27/04/2028","Durable"
"Le Perray","BERNARD","FRANCK","agent d'exploitation","District 22","Chariot élévateur- téléscopique_ ACES","11/01/2029","Durable"
"Le Perray","BERNARD","FRANCK","agent d'exploitation","District 22","Gerbeur _ ACES","08/04/2031","Durable"
"Le Perray","BERNARD","FRANCK","agent d'exploitation","District 22","Grues auxiliaires _ ACES","26/03/2030","Durable"
"Le Perray","BERNARD","FRANCK","agent d'exploitation","District 22",NA,NA,NA
"Le Perray","COLLEU","BERTRAND","agent d'exploitation","District 22","Engins de service hivernal _ ACES","23/01/2030","Durable"
"Le Perray","COLLEU","BERTRAND","agent d'exploitation","District 22","Bennes amovibles _ ACES","30/11/2033","Durable"
"Le Perray","COLLEU","BERTRAND","agent d'exploitation","District 22","Chargeuses, chargeuses-pelleteuses _ ACES","07/07/2033","Durable"
"Le Perray","COLLEU","BERTRAND","agent d'exploitation","District 22","Porte-engins _ ACES","10/07/2035","Durable"
"Le Perray","COLLEU","BERTRAND","agent d'exploitation","District 22","Tronçonnage","10/03/2027","Moins d'1 an"
"Le Perray","COLLEU","BERTRAND","agent d'exploitation","District 22","MTS _ Module théorique de Sécurité","18/03/2030","Durable"
"Le Perray","COLLEU","BERTRAND","agent d'exploitation","District 22","AIPR Opérateur","22/11/2028","Durable"
"Le Perray","COLLEU","BERTRAND","agent d'exploitation","District 22","Tondeuses autoportées _ ACES","07/07/2033","Durable"
"Le Perray","COLLEU","BERTRAND","agent d'exploitation","District 22","Tracteur >50 cv _ ACES","07/07/2033","Durable"
"Le Perray","COLLEU","BERTRAND","agent d'exploitation","District 22","tracteurs >50cv avec super-épareuse _ ACES engin de chantier","07/07/2033","Durable"
"Le Perray","COLLEU","BERTRAND","agent d'exploitation","District 22","Chariot élévateur- téléscopique_ ACES","15/02/2029","Durable"
"Le Perray","COLLEU","BERTRAND","agent d'exploitation","District 22","Nacelles 1B _ ACES","28/03/2029","Durable"
"Le Perray","COLLEU","BERTRAND","agent d'exploitation","District 22","Nacelles 3B _ ACES","28/03/2029","Durable"
"Le Perray","COLLEU","BERTRAND","agent d'exploitation","District 22","Gerbeur _ ACES","10/04/2031","Durable"
"Le Perray","COLLEU","BERTRAND","agent d'exploitation","District 22","Grues auxiliaires _ ACES","30/11/2028","Durable"
"Le Perray","COLLEU","BERTRAND","agent d'exploitation","District 22",NA,NA,NA
"Le Perray","DESVIGNE","BRIEG","agent d'exploitation","District 22","Engins de service hivernal _ ACES","10/11/2031","Durable"
"Le Perray","DESVIGNE","BRIEG","agent d'exploitation","District 22","Bennes amovibles _ ACES","25/03/2036","Durable"
"Le Perray","DESVIGNE","BRIEG","agent d'exploitation","District 22","Tronçonnage","18/03/2027","Moins d'1 an"
"Le Perray","DESVIGNE","BRIEG","agent d'exploitation","District 22","QUAPODES","21/05/2031","Durable"
"Le Perray","DESVIGNE","BRIEG","agent d'exploitation","District 22","MTS _ Module théorique de Sécurité","22/05/2030","Durable"
"Le Perray","DESVIGNE","BRIEG","agent d'exploitation","District 22","AIPR Opérateur","22/11/2027","Durable"
"Le Perray","DESVIGNE","BRIEG","agent d'exploitation","District 22","Tondeuses autoportées _ ACES","08/09/2033","Durable"
"Le Perray","DESVIGNE","BRIEG","agent d'exploitation","District 22","Tracteur >50 cv _ ACES","08/09/2033","Durable"
"Le Perray","DESVIGNE","BRIEG","agent d'exploitation","District 22","tracteurs >50cv avec super-épareuse _ ACES engin de chantier","08/09/2033","Durable"
"Le Perray","DESVIGNE","BRIEG","agent d'exploitation","District 22","Chariot élévateur- téléscopique_ ACES","11/01/2029","Durable"
"Le Perray","DESVIGNE","BRIEG","agent d'exploitation","District 22","Nacelles 1B _ ACES","28/03/2029","Durable"
"Le Perray","DESVIGNE","BRIEG","agent d'exploitation","District 22","Nacelles 3B _ ACES","28/03/2029","Durable"
"Le Perray","DESVIGNE","BRIEG","agent d'exploitation","District 22","Gerbeur _ ACES","08/04/2031","Durable"
"Le Perray","DESVIGNE","BRIEG","agent d'exploitation","District 22","Grues auxiliaires _ ACES","25/03/2031","Durable"
"Le Perray","DESVIGNE","BRIEG","agent d'exploitation","District 22",NA,NA,NA
"Le Perray","DUFOURD","MICKAEL","ajoint chef cei","District 22","Bennes amovibles _ ACES","25/03/2036","Durable"
"Le Perray","DUFOURD","MICKAEL","ajoint chef cei","District 22","MTS _ Module théorique de Sécurité","24/03/2031","Durable"
"Le Perray","DUFOURD","MICKAEL","ajoint chef cei","District 22","Grues auxiliaires _ ACES","25/03/2031","Durable"
"Le Perray","DUFOURD","MICKAEL","ajoint chef cei","District 22",NA,NA,NA
"Le Perray","DUROS","CHRISTOPHE","agent d'exploitation","District 22","Engins de service hivernal _ ACES","28/11/2034","Durable"
"Le Perray","DUROS","CHRISTOPHE","agent d'exploitation","District 22","Bennes amovibles _ ACES","25/03/2036","Durable"
"Le Perray","DUROS","CHRISTOPHE","agent d'exploitation","District 22","Chargeuses, chargeuses-pelleteuses _ ACES","07/07/2033","Durable"
"Le Perray","DUROS","CHRISTOPHE","agent d'exploitation","District 22","Tronçonnage","06/03/2030","Durable"
"Le Perray","DUROS","CHRISTOPHE","agent d'exploitation","District 22","MTS _ Module théorique de Sécurité","24/03/2031","Durable"
"Le Perray","DUROS","CHRISTOPHE","agent d'exploitation","District 22","AIPR Opérateur","22/11/2027","Durable"
"Le Perray","DUROS","CHRISTOPHE","agent d'exploitation","District 22","Tondeuses autoportées _ ACES","07/07/2033","Durable"
"Le Perray","DUROS","CHRISTOPHE","agent d'exploitation","District 22","Tracteur >50 cv _ ACES","07/07/2033","Durable"
"Le Perray","DUROS","CHRISTOPHE","agent d'exploitation","District 22","tracteurs >50cv avec super-épareuse _ ACES engin de chantier","07/07/2033","Durable"
"Le Perray","DUROS","CHRISTOPHE","agent d'exploitation","District 22","Mini-pelles _ ACES","09/11/2033","Durable"
"Le Perray","DUROS","CHRISTOPHE","agent d'exploitation","District 22","Chariot élévateur- téléscopique_ ACES","11/01/2029","Durable"
"Le Perray","DUROS","CHRISTOPHE","agent d'exploitation","District 22","Gerbeur _ ACES","21/09/2028","Durable"
"Le Perray","DUROS","CHRISTOPHE","agent d'exploitation","District 22","Grues auxiliaires _ ACES","25/03/2031","Durable"
"Le Perray","DUROS","CHRISTOPHE","agent d'exploitation","District 22",NA,NA,NA
"Le Perray","GLATRE","MICKAEL","agent d'exploitation","District 22","Engins de service hivernal _ ACES","20/11/2030","Durable"
"Le Perray","GLATRE","MICKAEL","agent d'exploitation","District 22","Bennes amovibles _ ACES","27/03/2036","Durable"
"Le Perray","GLATRE","MICKAEL","agent d'exploitation","District 22","Tronçonnage","18/03/2027","Moins d'1 an"
"Le Perray","GLATRE","MICKAEL","agent d'exploitation","District 22","MTS _ Module théorique de Sécurité","25/03/2030","Durable"
"Le Perray","GLATRE","MICKAEL","agent d'exploitation","District 22","AIPR Opérateur","21/11/2028","Durable"
"Le Perray","GLATRE","MICKAEL","agent d'exploitation","District 22","Tondeuses autoportées _ ACES","23/10/2030","Durable"
"Le Perray","GLATRE","MICKAEL","agent d'exploitation","District 22","Tracteur >50 cv _ ACES","23/10/2030","Durable"
"Le Perray","GLATRE","MICKAEL","agent d'exploitation","District 22","tracteurs >50cv avec super-épareuse _ ACES engin de chantier","23/10/2030","Durable"
"Le Perray","GLATRE","MICKAEL","agent d'exploitation","District 22","Mini-pelles _ ACES","30/03/2033","Durable"
"Le Perray","GLATRE","MICKAEL","agent d'exploitation","District 22","Chariot élévateur- téléscopique_ ACES","19/06/2030","Durable"
"Le Perray","GLATRE","MICKAEL","agent d'exploitation","District 22","Grues auxiliaires _ ACES","27/03/2031","Durable"
"Le Perray","GLATRE","MICKAEL","agent d'exploitation","District 22",NA,NA,NA
"Le Perray","GUILLERMIC","SEBASTIEN","agent d'exploitation","District 22","Engins de service hivernal _ ACES","22/01/2031","Durable"
"Le Perray","GUILLERMIC","SEBASTIEN","agent d'exploitation","District 22","Bennes amovibles _ ACES","25/03/2036","Durable"
"Le Perray","GUILLERMIC","SEBASTIEN","agent d'exploitation","District 22","Tronçonnage","15/03/2029","Durable"
"Le Perray","GUILLERMIC","SEBASTIEN","agent d'exploitation","District 22","QUAPODES","21/05/2031","Durable"
"Le Perray","GUILLERMIC","SEBASTIEN","agent d'exploitation","District 22","MTS _ Module théorique de Sécurité","18/03/2030","Durable"
"Le Perray","GUILLERMIC","SEBASTIEN","agent d'exploitation","District 22","AIPR Opérateur","28/11/2029","Durable"
"Le Perray","GUILLERMIC","SEBASTIEN","agent d'exploitation","District 22","Tondeuses autoportées _ ACES","23/10/2030","Durable"
"Le Perray","GUILLERMIC","SEBASTIEN","agent d'exploitation","District 22","Tracteur >50 cv _ ACES","23/10/2030","Durable"
"Le Perray","GUILLERMIC","SEBASTIEN","agent d'exploitation","District 22","tracteurs >50cv avec super-épareuse _ ACES engin de chantier","23/10/2030","Durable"
"Le Perray","GUILLERMIC","SEBASTIEN","agent d'exploitation","District 22","Chariot élévateur- téléscopique_ ACES","15/02/2029","Durable"
"Le Perray","GUILLERMIC","SEBASTIEN","agent d'exploitation","District 22","Nacelles 1B _ ACES","28/03/2029","Durable"
"Le Perray","GUILLERMIC","SEBASTIEN","agent d'exploitation","District 22","Nacelles 3B _ ACES","28/03/2029","Durable"
"Le Perray","GUILLERMIC","SEBASTIEN","agent d'exploitation","District 22","Gerbeur _ ACES","21/09/2028","Durable"
"Le Perray","GUILLERMIC","SEBASTIEN","agent d'exploitation","District 22","Grues auxiliaires _ ACES","25/03/2031","Durable"
"Le Perray","GUILLERMIC","SEBASTIEN","agent d'exploitation","District 22",NA,NA,NA
"Le Perray","HAMON","ROMAIN","responsable d'explo","District 22","Engins de service hivernal _ ACES","06/02/2035","Durable"
"Le Perray","HAMON","ROMAIN","responsable d'explo","District 22","Bennes amovibles _ ACES","25/03/2036","Durable"
"Le Perray","HAMON","ROMAIN","responsable d'explo","District 22","Tronçonnage","10/03/2027","Moins d'1 an"
"Le Perray","HAMON","ROMAIN","responsable d'explo","District 22","MTS _ Module théorique de Sécurité","24/03/2031","Durable"
"Le Perray","HAMON","ROMAIN","responsable d'explo","District 22","AIPR - Encadrant","20/11/2028","Durable"
"Le Perray","HAMON","ROMAIN","responsable d'explo","District 22","Tondeuses autoportées _ ACES","31/05/2027","Moins d'1 an"
"Le Perray","HAMON","ROMAIN","responsable d'explo","District 22","Tracteur >50 cv _ ACES","31/05/2027","Moins d'1 an"
"Le Perray","HAMON","ROMAIN","responsable d'explo","District 22","tracteurs >50cv avec super-épareuse _ ACES engin de chantier","31/05/2027","Moins d'1 an"
"Le Perray","HAMON","ROMAIN","responsable d'explo","District 22","Mini-pelles _ ACES","06/10/2027","Durable"
"Le Perray","HAMON","ROMAIN","responsable d'explo","District 22","Chariot élévateur- téléscopique_ ACES","15/02/2029","Durable"
"Le Perray","HAMON","ROMAIN","responsable d'explo","District 22","Nacelles 1B _ ACES","28/03/2029","Durable"
"Le Perray","HAMON","ROMAIN","responsable d'explo","District 22","Nacelles 3B _ ACES","28/03/2029","Durable"
"Le Perray","HAMON","ROMAIN","responsable d'explo","District 22","Grues auxiliaires _ ACES","25/03/2031","Durable"
"Le Perray","HAMON","ROMAIN","responsable d'explo","District 22",NA,NA,NA
"Le Perray","HERVIOU","RONAN","responsable d'explo","District 22","Engins de service hivernal _ ACES","09/12/2032","Durable"
"Le Perray","HERVIOU","RONAN","responsable d'explo","District 22","Chargeuses, chargeuses-pelleteuses _ ACES","07/07/2033","Durable"
"Le Perray","HERVIOU","RONAN","responsable d'explo","District 22","Tondeuses autoportées _ ACES","07/07/2033","Durable"
"Le Perray","HERVIOU","RONAN","responsable d'explo","District 22","Tracteur >50 cv _ ACES","07/07/2033","Durable"
"Le Perray","HERVIOU","RONAN","responsable d'explo","District 22","tracteurs >50cv avec super-épareuse _ ACES engin de chantier","07/07/2033","Durable"
"Le Perray","HERVIOU","RONAN","responsable d'explo","District 22","Chariot élévateur- téléscopique_ ACES","11/01/2029","Durable"
"Le Perray","HERVIOU","RONAN","responsable d'explo","District 22",NA,NA,NA
"Le Perray","JEGLOT","ANTHONY","agent d'exploitation","District 22","Engins de service hivernal _ ACES","24/11/2033","Durable"
"Le Perray","JEGLOT","ANTHONY","agent d'exploitation","District 22","Bennes amovibles _ ACES","27/03/2036","Durable"
"Le Perray","JEGLOT","ANTHONY","agent d'exploitation","District 22","Chargeuses, chargeuses-pelleteuses _ ACES","24/11/2033","Durable"
"Le Perray","JEGLOT","ANTHONY","agent d'exploitation","District 22","Tronçonnage","08/11/2029","Durable"
"Le Perray","JEGLOT","ANTHONY","agent d'exploitation","District 22","MTS _ Module théorique de Sécurité","25/03/2030","Durable"
"Le Perray","JEGLOT","ANTHONY","agent d'exploitation","District 22","AIPR Opérateur","28/11/2029","Durable"
"Le Perray","JEGLOT","ANTHONY","agent d'exploitation","District 22","CACES R482 cat. F _ engins de manutention TT","04/06/2030","Durable"
"Le Perray","JEGLOT","ANTHONY","agent d'exploitation","District 22","Tondeuses autoportées _ ACES","13/09/2033","Durable"
"Le Perray","JEGLOT","ANTHONY","agent d'exploitation","District 22","tracteurs >50cv avec super-épareuse _ ACES engin de chantier","13/09/2033","Durable"
"Le Perray","JEGLOT","ANTHONY","agent d'exploitation","District 22","Chariot élévateur- téléscopique_ ACES","15/02/2029","Durable"
"Le Perray","JEGLOT","ANTHONY","agent d'exploitation","District 22","CACES R489 cat3 : chariots automoteurs à conducteur porté","04/02/2032","Durable"
"Le Perray","JEGLOT","ANTHONY","agent d'exploitation","District 22","CACES R486 B : PEMP Nacelle 3B","05/04/2029","Durable"
"Le Perray","JEGLOT","ANTHONY","agent d'exploitation","District 22","Gerbeur _ ACES","09/04/2031","Durable"
"Le Perray","JEGLOT","ANTHONY","agent d'exploitation","District 22","Grues auxiliaires _ ACES","27/03/2031","Durable"
"Le Perray","JEGLOT","ANTHONY","agent d'exploitation","District 22",NA,NA,NA
"Le Perray","JONQUET","HERVE","agent d'exploitation","District 22","Engins de service hivernal _ ACES","07/11/2029","Durable"
"Le Perray","JONQUET","HERVE","agent d'exploitation","District 22","Bennes amovibles _ ACES","26/10/2033","Durable"
"Le Perray","JONQUET","HERVE","agent d'exploitation","District 22","Chargeuses, chargeuses-pelleteuses _ ACES","15/09/2033","Durable"
"Le Perray","JONQUET","HERVE","agent d'exploitation","District 22","Tronçonnage","08/11/2029","Durable"
"Le Perray","JONQUET","HERVE","agent d'exploitation","District 22","QUAPODES","02/06/2028","Durable"
"Le Perray","JONQUET","HERVE","agent d'exploitation","District 22","MTS _ Module théorique de Sécurité","24/03/2031","Durable"
"Le Perray","JONQUET","HERVE","agent d'exploitation","District 22","AIPR Opérateur","21/11/2028","Durable"
"Le Perray","JONQUET","HERVE","agent d'exploitation","District 22","Tondeuses autoportées _ ACES","13/09/2033","Durable"
"Le Perray","JONQUET","HERVE","agent d'exploitation","District 22","tracteurs >50cv avec super-épareuse _ ACES engin de chantier","13/09/2033","Durable"
"Le Perray","JONQUET","HERVE","agent d'exploitation","District 22","Chariot élévateur- téléscopique_ ACES","11/01/2029","Durable"
"Le Perray","JONQUET","HERVE","agent d'exploitation","District 22","Nacelles 1B _ ACES","28/03/2029","Durable"
"Le Perray","JONQUET","HERVE","agent d'exploitation","District 22","Nacelles 3B _ ACES","28/03/2029","Durable"
"Le Perray","JONQUET","HERVE","agent d'exploitation","District 22","Gerbeur _ ACES","09/04/2031","Durable"
"Le Perray","JONQUET","HERVE","agent d'exploitation","District 22","Grues auxiliaires _ ACES","26/10/2028","Durable"
"Le Perray","JONQUET","HERVE","agent d'exploitation","District 22",NA,NA,NA
"Le Perray","LHOMMEAU","JACQUES","agent d'exploitation","District 22","Engins de service hivernal _ ACES","23/01/2030","Durable"
"Le Perray","LHOMMEAU","JACQUES","agent d'exploitation","District 22","Bennes amovibles _ ACES","30/11/2033","Durable"
"Le Perray","LHOMMEAU","JACQUES","agent d'exploitation","District 22","Chargeuses, chargeuses-pelleteuses _ ACES","07/07/2033","Durable"
"Le Perray","LHOMMEAU","JACQUES","agent d'exploitation","District 22","Tronçonnage","15/03/2029","Durable"
"Le Perray","LHOMMEAU","JACQUES","agent d'exploitation","District 22","MTS _ Module théorique de Sécurité","25/03/2030","Durable"
"Le Perray","LHOMMEAU","JACQUES","agent d'exploitation","District 22","AIPR Opérateur","21/11/2028","Durable"
"Le Perray","LHOMMEAU","JACQUES","agent d'exploitation","District 22","Tondeuses autoportées _ ACES","07/07/2033","Durable"
"Le Perray","LHOMMEAU","JACQUES","agent d'exploitation","District 22","Tracteur >50 cv _ ACES","07/07/2033","Durable"
"Le Perray","LHOMMEAU","JACQUES","agent d'exploitation","District 22","tracteurs >50cv avec super-épareuse _ ACES engin de chantier","07/07/2033","Durable"
"Le Perray","LHOMMEAU","JACQUES","agent d'exploitation","District 22","Mini-pelles _ ACES","09/11/2033","Durable"
"Le Perray","LHOMMEAU","JACQUES","agent d'exploitation","District 22","Chariot élévateur- téléscopique_ ACES","11/01/2029","Durable"
"Le Perray","LHOMMEAU","JACQUES","agent d'exploitation","District 22","Nacelles 1B _ ACES","28/03/2029","Durable"
"Le Perray","LHOMMEAU","JACQUES","agent d'exploitation","District 22","Nacelles 3B _ ACES","28/03/2029","Durable"
"Le Perray","LHOMMEAU","JACQUES","agent d'exploitation","District 22","Gerbeur _ ACES","22/09/2027","Durable"
"Le Perray","LHOMMEAU","JACQUES","agent d'exploitation","District 22","Grues auxiliaires _ ACES","30/11/2028","Durable"
"Le Perray","LHOMMEAU","JACQUES","agent d'exploitation","District 22",NA,NA,NA
"Le Perray","NICOLAS","DIDIER","agent d'exploitation","District 22","Engins de service hivernal _ ACES","28/11/2034","Durable"
"Le Perray","NICOLAS","DIDIER","agent d'exploitation","District 22","CACES R490 : grues de chargement","12/01/2033","Durable"
"Le Perray","NICOLAS","DIDIER","agent d'exploitation","District 22","CACES R482 catA : Tracteur <100CV","17/03/2033","Durable"
"Le Perray","NICOLAS","DIDIER","agent d'exploitation","District 22","Porte-engins _ ACES","14/10/2026","Moins de 6 mois"
"Le Perray","NICOLAS","DIDIER","agent d'exploitation","District 22","AIPR Opérateur","19/11/2029","Durable"
"Le Perray","NICOLAS","DIDIER","agent d'exploitation","District 22","Mini-pelles _ ACES","14/10/2026","Moins de 6 mois"
"Le Perray","NICOLAS","DIDIER","agent d'exploitation","District 22","CACES R489 cat3 : chariots automoteurs à conducteur porté","25/01/2033","Durable"
"Le Perray","NICOLAS","DIDIER","agent d'exploitation","District 22","CACES R486 B : PEMP Nacelle 3B","24/01/2033","Durable"
"Le Perray","NICOLAS","DIDIER","agent d'exploitation","District 22",NA,NA,NA
"Le Perray","NOGRETTE","STEPHANE","responsable de cei","District 22",NA,NA,NA
"Le Perray","OLLIVIER","STEPHANE","responsable d'explo","District 22","Engins de service hivernal _ ACES","21/02/2029","Durable"
"Le Perray","OLLIVIER","STEPHANE","responsable d'explo","District 22","Bennes amovibles _ ACES","25/03/2036","Durable"
"Le Perray","OLLIVIER","STEPHANE","responsable d'explo","District 22","Chargeuses, chargeuses-pelleteuses _ ACES","07/07/2033","Durable"
"Le Perray","OLLIVIER","STEPHANE","responsable d'explo","District 22","MTS _ Module théorique de Sécurité","24/03/2031","Durable"
"Le Perray","OLLIVIER","STEPHANE","responsable d'explo","District 22","AIPR - Encadrant","07/11/2029","Durable"
"Le Perray","OLLIVIER","STEPHANE","responsable d'explo","District 22","Tondeuses autoportées _ ACES","07/07/2033","Durable"
"Le Perray","OLLIVIER","STEPHANE","responsable d'explo","District 22","Tracteur >50 cv _ ACES","07/07/2033","Durable"
"Le Perray","OLLIVIER","STEPHANE","responsable d'explo","District 22","tracteurs >50cv avec super-épareuse _ ACES engin de chantier","07/07/2033","Durable"
"Le Perray","OLLIVIER","STEPHANE","responsable d'explo","District 22","Chariot élévateur- téléscopique_ ACES","15/02/2029","Durable"
"Le Perray","OLLIVIER","STEPHANE","responsable d'explo","District 22","Grues auxiliaires _ ACES","25/03/2031","Durable"
"Le Perray","OLLIVIER","STEPHANE","responsable d'explo","District 22",NA,NA,NA
"Le Perray","PELOIS","GERALD","agent d'exploitation","District 22","Engins de service hivernal _ ACES","07/11/2029","Durable"
"Le Perray","PELOIS","GERALD","agent d'exploitation","District 22","Bennes amovibles _ ACES","25/03/2036","Durable"
"Le Perray","PELOIS","GERALD","agent d'exploitation","District 22","Tronçonnage","18/03/2027","Moins d'1 an"
"Le Perray","PELOIS","GERALD","agent d'exploitation","District 22","MTS _ Module théorique de Sécurité","24/06/2030","Durable"
"Le Perray","PELOIS","GERALD","agent d'exploitation","District 22","AIPR Opérateur","22/11/2027","Durable"
"Le Perray","PELOIS","GERALD","agent d'exploitation","District 22","Tondeuses autoportées _ ACES","23/10/2030","Durable"
"Le Perray","PELOIS","GERALD","agent d'exploitation","District 22","Tracteur >50 cv _ ACES","23/10/2030","Durable"
"Le Perray","PELOIS","GERALD","agent d'exploitation","District 22","tracteurs >50cv avec super-épareuse _ ACES engin de chantier","23/10/2030","Durable"
"Le Perray","PELOIS","GERALD","agent d'exploitation","District 22","Mini-pelles _ ACES","09/11/2033","Durable"
"Le Perray","PELOIS","GERALD","agent d'exploitation","District 22","Chariot élévateur- téléscopique_ ACES","11/01/2029","Durable"
"Le Perray","PELOIS","GERALD","agent d'exploitation","District 22","Grues auxiliaires _ ACES","25/03/2031","Durable"
"Le Perray","PELOIS","GERALD","agent d'exploitation","District 22",NA,NA,NA
"Le Perray","PERRIN","CYRILLE","agent d'exploitation","District 22","Engins de service hivernal _ ACES","21/02/2029","Durable"
"Le Perray","PERRIN","CYRILLE","agent d'exploitation","District 22","Bennes amovibles _ ACES","26/10/2033","Durable"
"Le Perray","PERRIN","CYRILLE","agent d'exploitation","District 22","Chargeuses, chargeuses-pelleteuses _ ACES","07/07/2033","Durable"
"Le Perray","PERRIN","CYRILLE","agent d'exploitation","District 22","Porte-engins _ ACES","24/04/2035","Durable"
"Le Perray","PERRIN","CYRILLE","agent d'exploitation","District 22","Tronçonnage","06/03/2030","Durable"
"Le Perray","PERRIN","CYRILLE","agent d'exploitation","District 22","QUAPODES","02/06/2028","Durable"
"Le Perray","PERRIN","CYRILLE","agent d'exploitation","District 22","MTS _ Module théorique de Sécurité","18/03/2030","Durable"
"Le Perray","PERRIN","CYRILLE","agent d'exploitation","District 22","AIPR Opérateur","22/11/2028","Durable"
"Le Perray","PERRIN","CYRILLE","agent d'exploitation","District 22","Tondeuses autoportées _ ACES","07/07/2033","Durable"
"Le Perray","PERRIN","CYRILLE","agent d'exploitation","District 22","Tracteur >50 cv _ ACES","07/07/2033","Durable"
"Le Perray","PERRIN","CYRILLE","agent d'exploitation","District 22","tracteurs >50cv avec super-épareuse _ ACES engin de chantier","07/07/2033","Durable"
"Le Perray","PERRIN","CYRILLE","agent d'exploitation","District 22","Mini-pelles _ ACES","09/11/2033","Durable"
"Le Perray","PERRIN","CYRILLE","agent d'exploitation","District 22","Chariot élévateur- téléscopique_ ACES","15/02/2029","Durable"
"Le Perray","PERRIN","CYRILLE","agent d'exploitation","District 22","Nacelles 1B _ ACES","28/03/2029","Durable"
"Le Perray","PERRIN","CYRILLE","agent d'exploitation","District 22","Nacelles 3B _ ACES","28/03/2029","Durable"
"Le Perray","PERRIN","CYRILLE","agent d'exploitation","District 22","Gerbeur _ ACES","22/09/2027","Durable"
"Le Perray","PERRIN","CYRILLE","agent d'exploitation","District 22","Grues auxiliaires _ ACES","26/10/2028","Durable"
"Le Perray","PERRIN","CYRILLE","agent d'exploitation","District 22",NA,NA,NA
"Le Perray","PICQUET","FABIEN","responsable d'explo","District 22","Engins de service hivernal _ ACES","09/12/2026","Moins de 6 mois"
"Le Perray","PICQUET","FABIEN","responsable d'explo","District 22","Bennes amovibles _ ACES","27/03/2036","Durable"
"Le Perray","PICQUET","FABIEN","responsable d'explo","District 22","Tronçonnage","06/03/2030","Durable"
"Le Perray","PICQUET","FABIEN","responsable d'explo","District 22","MTS _ Module théorique de Sécurité","24/03/2031","Durable"
"Le Perray","PICQUET","FABIEN","responsable d'explo","District 22","AIPR - Encadrant","20/11/2028","Durable"
"Le Perray","PICQUET","FABIEN","responsable d'explo","District 22","Nacelles 1B _ ACES","28/03/2029","Durable"
"Le Perray","PICQUET","FABIEN","responsable d'explo","District 22","Nacelles 3B _ ACES","28/03/2029","Durable"
"Le Perray","PICQUET","FABIEN","responsable d'explo","District 22","Gerbeur _ ACES","10/04/2031","Durable"
"Le Perray","PICQUET","FABIEN","responsable d'explo","District 22","Grues auxiliaires _ ACES","27/03/2031","Durable"
"Le Perray","PICQUET","FABIEN","responsable d'explo","District 22",NA,NA,NA
"Le Perray","PINARD","EMILIE","responsable d'explo","District 22","Engins de service hivernal _ ACES","24/11/2033","Durable"
"Le Perray","PINARD","EMILIE","responsable d'explo","District 22","Bennes amovibles _ ACES","26/10/2033","Durable"
"Le Perray","PINARD","EMILIE","responsable d'explo","District 22","Chargeuses, chargeuses-pelleteuses _ ACES","24/11/2033","Durable"
"Le Perray","PINARD","EMILIE","responsable d'explo","District 22","Tronçonnage","15/03/2029","Durable"
"Le Perray","PINARD","EMILIE","responsable d'explo","District 22","MTS _ Module théorique de Sécurité","18/03/2030","Durable"
"Le Perray","PINARD","EMILIE","responsable d'explo","District 22","AIPR - Concepteur","24/03/2028","Durable"
"Le Perray","PINARD","EMILIE","responsable d'explo","District 22","AIPR - Encadrant","24/03/2028","Durable"
"Le Perray","PINARD","EMILIE","responsable d'explo","District 22"," 100CV"">Tracteur >100CV _ ACES","11/06/2036","Durable"
"Le Perray","PINARD","EMILIE","responsable d'explo","District 22","Nacelles 1B _ ACES","27/03/2030","Durable"
"Le Perray","PINARD","EMILIE","responsable d'explo","District 22","Gerbeur _ ACES","09/04/2031","Durable"
"Le Perray","PINARD","EMILIE","responsable d'explo","District 22","Grues auxiliaires _ ACES","26/10/2028","Durable"
"Le Perray","PINARD","EMILIE","responsable d'explo","District 22",NA,NA,NA
"Le Perray","PRISE","GUILLAUME","responsable d'exploi","District 22","Engins de service hivernal _ ACES","22/01/2031","Durable"
"Le Perray","PRISE","GUILLAUME","responsable d'exploi","District 22","Bennes amovibles _ ACES","27/03/2036","Durable"
"Le Perray","PRISE","GUILLAUME","responsable d'exploi","District 22","Porte-engins _ ACES","24/04/2035","Durable"
"Le Perray","PRISE","GUILLAUME","responsable d'exploi","District 22","Tronçonnage","08/11/2029","Durable"
"Le Perray","PRISE","GUILLAUME","responsable d'exploi","District 22","MTS _ Module théorique de Sécurité","06/03/2030","Durable"
"Le Perray","PRISE","GUILLAUME","responsable d'exploi","District 22","AIPR Opérateur","22/11/2028","Durable"
"Le Perray","PRISE","GUILLAUME","responsable d'exploi","District 22","Tondeuses autoportées _ ACES","25/03/2032","Durable"
"Le Perray","PRISE","GUILLAUME","responsable d'exploi","District 22","Tracteur >50 cv _ ACES","25/03/2032","Durable"
"Le Perray","PRISE","GUILLAUME","responsable d'exploi","District 22","tracteurs >50cv avec super-épareuse _ ACES engin de chantier","25/03/2032","Durable"
"Le Perray","PRISE","GUILLAUME","responsable d'exploi","District 22","Mini-pelles _ ACES","30/03/2033","Durable"
"Le Perray","PRISE","GUILLAUME","responsable d'exploi","District 22","Chariot élévateur- téléscopique_ ACES","08/04/2031","Durable"
"Le Perray","PRISE","GUILLAUME","responsable d'exploi","District 22","Chariots automoteurs _ ACES","24/02/2027","Moins de 6 mois"
"Le Perray","PRISE","GUILLAUME","responsable d'exploi","District 22","Nacelles 1B _ ACES","22/04/2027","Moins d'1 an"
"Le Perray","PRISE","GUILLAUME","responsable d'exploi","District 22","Gerbeur _ ACES","10/04/2031","Durable"
"Le Perray","PRISE","GUILLAUME","responsable d'exploi","District 22","Grues auxiliaires _ ACES","27/03/2031","Durable"
"Le Perray","PRISE","GUILLAUME","responsable d'exploi","District 22",NA,NA,NA
"Le Perray","RASSELET","ANTOINE","agent d'exploitation","District 22","Engins de service hivernal _ ACES","18/12/2035","Durable"
"Le Perray","RASSELET","ANTOINE","agent d'exploitation","District 22","Bennes amovibles _ ACES","27/03/2036","Durable"
"Le Perray","RASSELET","ANTOINE","agent d'exploitation","District 22","Tronçonnage","28/02/2030","Durable"
"Le Perray","RASSELET","ANTOINE","agent d'exploitation","District 22","QUAPODES","06/02/2030","Durable"
"Le Perray","RASSELET","ANTOINE","agent d'exploitation","District 22","MTS _ Module théorique de Sécurité","04/02/2030","Durable"
"Le Perray","RASSELET","ANTOINE","agent d'exploitation","District 22","Chariot élévateur- téléscopique_ ACES","19/06/2030","Durable"
"Le Perray","RASSELET","ANTOINE","agent d'exploitation","District 22","Gerbeur _ ACES","08/04/2031","Durable"
"Le Perray","RASSELET","ANTOINE","agent d'exploitation","District 22","Grues auxiliaires _ ACES","27/03/2031","Durable"
"Le Perray","RASSELET","ANTOINE","agent d'exploitation","District 22",NA,NA,NA
"Le Perray","SAUVAITRE","JULIEN","agent d'exploitation","District 22","Engins de service hivernal _ ACES","06/02/2035","Durable"
"Le Perray","SAUVAITRE","JULIEN","agent d'exploitation","District 22","Bennes amovibles _ ACES","27/03/2036","Durable"
"Le Perray","SAUVAITRE","JULIEN","agent d'exploitation","District 22","Tronçonnage","06/03/2031","Durable"
"Le Perray","SAUVAITRE","JULIEN","agent d'exploitation","District 22","QUAPODES","21/11/2029","Durable"
"Le Perray","SAUVAITRE","JULIEN","agent d'exploitation","District 22","MTS _ Module théorique de Sécurité","19/11/2029","Durable"
"Le Perray","SAUVAITRE","JULIEN","agent d'exploitation","District 22","Chariot élévateur- téléscopique_ ACES","15/02/2029","Durable"
"Le Perray","SAUVAITRE","JULIEN","agent d'exploitation","District 22","Nacelles 1B _ ACES","27/03/2030","Durable"
"Le Perray","SAUVAITRE","JULIEN","agent d'exploitation","District 22","Gerbeur _ ACES","10/04/2031","Durable"
"Le Perray","SAUVAITRE","JULIEN","agent d'exploitation","District 22","Grues auxiliaires _ ACES","27/03/2031","Durable"
"Le Perray","SAUVAITRE","JULIEN","agent d'exploitation","District 22",NA,NA,NA
"Le Perray","THERIN","CHRISTOPHE","agent d'exploitation","District 22","Engins de service hivernal _ ACES","06/02/2035","Durable"
"Le Perray","THERIN","CHRISTOPHE","agent d'exploitation","District 22","Bennes amovibles _ ACES","30/11/2033","Durable"
"Le Perray","THERIN","CHRISTOPHE","agent d'exploitation","District 22","MTS _ Module théorique de Sécurité","25/03/2030","Durable"
"Le Perray","THERIN","CHRISTOPHE","agent d'exploitation","District 22","AIPR Opérateur","22/11/2027","Durable"
"Le Perray","THERIN","CHRISTOPHE","agent d'exploitation","District 22","Chariot élévateur- téléscopique_ ACES","11/01/2029","Durable"
"Le Perray","THERIN","CHRISTOPHE","agent d'exploitation","District 22","Nacelles 1B _ ACES","27/03/2030","Durable"
"Le Perray","THERIN","CHRISTOPHE","agent d'exploitation","District 22","Gerbeur _ ACES","09/04/2031","Durable"
"Le Perray","THERIN","CHRISTOPHE","agent d'exploitation","District 22","Grues auxiliaires _ ACES","30/11/2028","Durable"
"Le Perray","THERIN","CHRISTOPHE","agent d'exploitation","District 22",NA,NA,NA
"Loudeac","ALNO","CEDRIC","agent d'exploitation","District 22","Bennes amovibles _ ACES","28/05/2036","Durable"
"Loudeac","ALNO","CEDRIC","agent d'exploitation","District 22","QUAPODES","27/11/2030","Durable"
"Loudeac","ALNO","CEDRIC","agent d'exploitation","District 22","MTS _ Module théorique de Sécurité","25/11/2030","Durable"
"Loudeac","ALNO","CEDRIC","agent d'exploitation","District 22"," 100CV"">Tracteur >100CV _ ACES","22/05/2036","Durable"
"Loudeac","ALNO","CEDRIC","agent d'exploitation","District 22","Grues auxiliaires _ ACES","28/05/2031","Durable"
"Loudeac","ALNO","CEDRIC","agent d'exploitation","District 22",NA,NA,NA
"Loudeac","BURBAN","STEPHANE","agent d'exploitation","District 22","Engins de service hivernal _ ACES","15/02/2028","Durable"
"Loudeac","BURBAN","STEPHANE","agent d'exploitation","District 22","Bennes amovibles _ ACES","16/06/2032","Durable"
"Loudeac","BURBAN","STEPHANE","agent d'exploitation","District 22","Tondeuses autoportées _ ACES","27/04/2028","Durable"
"Loudeac","BURBAN","STEPHANE","agent d'exploitation","District 22","Tracteur >50 cv _ ACES","27/04/2028","Durable"
"Loudeac","BURBAN","STEPHANE","agent d'exploitation","District 22","tracteurs >50cv avec super-épareuse _ ACES engin de chantier","27/04/2028","Durable"
"Loudeac","BURBAN","STEPHANE","agent d'exploitation","District 22","Mini-pelles _ ACES","02/02/2034","Durable"
"Loudeac","BURBAN","STEPHANE","agent d'exploitation","District 22","Nacelles 1B _ ACES","04/06/2031","Durable"
"Loudeac","BURBAN","STEPHANE","agent d'exploitation","District 22","Nacelles 3B _ ACES","04/06/2031","Durable"
"Loudeac","BURBAN","STEPHANE","agent d'exploitation","District 22","Grues auxiliaires _ ACES","16/06/2027","Moins d'1 an"
"Loudeac","BURBAN","STEPHANE","agent d'exploitation","District 22",NA,NA,NA
"Loudeac","COTBREIL","TONY","chef equipe a","District 22","CACES R490 : grues de chargement","10/01/2033","Durable"
"Loudeac","COTBREIL","TONY","chef equipe a","District 22","Porte-engins _ ACES","14/10/2026","Moins de 6 mois"
"Loudeac","COTBREIL","TONY","chef equipe a","District 22","Mini-pelles _ ACES","14/10/2026","Moins de 6 mois"
"Loudeac","COTBREIL","TONY","chef equipe a","District 22","CACES R489 cat3 : chariots automoteurs à conducteur porté","06/01/2033","Durable"
"Loudeac","COTBREIL","TONY","chef equipe a","District 22","CACES R486 B : PEMP Nacelle 3B","24/01/2033","Durable"
"Loudeac","COTBREIL","TONY","chef equipe a","District 22",NA,NA,NA
"Loudeac","CRAMBERT","DOMINIQUE","responsable d'explo","District 22","Tronçonnage","25/02/2027","Moins de 6 mois"
"Loudeac","CRAMBERT","DOMINIQUE","responsable d'explo","District 22","MTS _ Module théorique de Sécurité","06/03/2030","Durable"
"Loudeac","CRAMBERT","DOMINIQUE","responsable d'explo","District 22","Tracteur >50 cv _ ACES","04/11/2031","Durable"
"Loudeac","CRAMBERT","DOMINIQUE","responsable d'explo","District 22","tracteurs >50cv avec super-épareuse _ ACES engin de chantier","03/03/2031","Durable"
"Loudeac","CRAMBERT","DOMINIQUE","responsable d'explo","District 22","Gerbeur _ ACES","22/09/2027","Durable"
"Loudeac","CRAMBERT","DOMINIQUE","responsable d'explo","District 22",NA,NA,NA
"Loudeac","DUMONT","STEPHANE","agent d'exploitation","District 22","Engins de service hivernal _ ACES","05/01/2033","Durable"
"Loudeac","DUMONT","STEPHANE","agent d'exploitation","District 22","Bennes amovibles _ ACES","10/12/2031","Durable"
"Loudeac","DUMONT","STEPHANE","agent d'exploitation","District 22","Tronçonnage","18/03/2027","Moins d'1 an"
"Loudeac","DUMONT","STEPHANE","agent d'exploitation","District 22","MTS _ Module théorique de Sécurité","06/03/2030","Durable"
"Loudeac","DUMONT","STEPHANE","agent d'exploitation","District 22","Tondeuses autoportées _ ACES","08/09/2033","Durable"
"Loudeac","DUMONT","STEPHANE","agent d'exploitation","District 22","Tracteur >50 cv _ ACES","08/09/2033","Durable"
"Loudeac","DUMONT","STEPHANE","agent d'exploitation","District 22","tracteurs >50cv avec super-épareuse _ ACES engin de chantier","08/09/2033","Durable"
"Loudeac","DUMONT","STEPHANE","agent d'exploitation","District 22","Mini-pelles _ ACES","02/02/2034","Durable"
"Loudeac","DUMONT","STEPHANE","agent d'exploitation","District 22","Grues auxiliaires _ ACES","10/12/2026","Moins de 6 mois"
"Loudeac","DUMONT","STEPHANE","agent d'exploitation","District 22",NA,NA,NA
"Loudeac","GUILLOU","VINCENT","agent d'exploitation","District 22","Engins de service hivernal _ ACES","05/01/2033","Durable"
"Loudeac","GUILLOU","VINCENT","agent d'exploitation","District 22","Bennes amovibles _ ACES","16/06/2032","Durable"
"Loudeac","GUILLOU","VINCENT","agent d'exploitation","District 22","Tronçonnage","25/02/2027","Moins de 6 mois"
"Loudeac","GUILLOU","VINCENT","agent d'exploitation","District 22","MTS _ Module théorique de Sécurité","06/03/2030","Durable"
"Loudeac","GUILLOU","VINCENT","agent d'exploitation","District 22","Tondeuses autoportées _ ACES","08/09/2033","Durable"
"Loudeac","GUILLOU","VINCENT","agent d'exploitation","District 22","Tracteur >50 cv _ ACES","08/09/2033","Durable"
"Loudeac","GUILLOU","VINCENT","agent d'exploitation","District 22","tracteurs >50cv avec super-épareuse _ ACES engin de chantier","08/09/2033","Durable"
"Loudeac","GUILLOU","VINCENT","agent d'exploitation","District 22","Mini-pelles _ ACES","08/02/2034","Durable"
"Loudeac","GUILLOU","VINCENT","agent d'exploitation","District 22","Nacelles 1B _ ACES","04/06/2031","Durable"
"Loudeac","GUILLOU","VINCENT","agent d'exploitation","District 22","Nacelles 3B _ ACES","04/06/2031","Durable"
"Loudeac","GUILLOU","VINCENT","agent d'exploitation","District 22","Grues auxiliaires _ ACES","16/06/2027","Moins d'1 an"
"Loudeac","GUILLOU","VINCENT","agent d'exploitation","District 22",NA,NA,NA
"Loudeac","JOUNAY","MICKAEL","agent d'exploitation","District 22","Bennes amovibles _ ACES","28/05/2036","Durable"
"Loudeac","JOUNAY","MICKAEL","agent d'exploitation","District 22","QUAPODES","05/02/2031","Durable"
"Loudeac","JOUNAY","MICKAEL","agent d'exploitation","District 22","MTS _ Module théorique de Sécurité","03/02/2031","Durable"
"Loudeac","JOUNAY","MICKAEL","agent d'exploitation","District 22"," 100CV"">Tracteur >100CV _ ACES","22/05/2036","Durable"
"Loudeac","JOUNAY","MICKAEL","agent d'exploitation","District 22","Grues auxiliaires _ ACES","28/05/2031","Durable"
"Loudeac","JOUNAY","MICKAEL","agent d'exploitation","District 22",NA,NA,NA
"Loudeac","LE MAY","VALENTIN","responsable d'explo","District 22",NA,NA,NA
"Loudeac","LE ROUX-FLAGEUL","DAVID","responsable d'explo","District 22",NA,NA,NA
"Loudeac","LEROUX-FLAGEUL","DAVID",NA,"District 22","Gerbeur _ ACES","21/09/2028","Durable"
"Loudeac","QUILLERE","ARNAUD","chef.fe de cei","District 22","AIPR - Encadrant","16/12/2026","Moins de 6 mois"
"Loudeac","QUILLERE","ARNAUD","chef.fe de cei","District 22","Gerbeur _ ACES","14/09/2028","Durable"
"Loudeac","QUILLERE","ARNAUD","chef.fe de cei","District 22",NA,NA,NA
"Loudeac","RETHORE","MICKAEL",NA,"District 22","MTS _ Module théorique de Sécurité","22/05/2030","Durable"
"Loudeac","RETHORE","MICKAEL",NA,"District 22","Nacelles 1B _ ACES","04/06/2031","Durable"
"Loudeac","RETHORE","MICKAEL",NA,"District 22","Nacelles 3B _ ACES","04/06/2031","Durable"
"Loudeac","RETHORE","MICKAEL",NA,"District 22","Gerbeur _ ACES","08/04/2031","Durable"
"Loudeac","RETHORE","MIKAEL","agent d'exploitation","District 22",NA,NA,NA
"Loudeac","ROUAUX","LUDOVIC","agent d'exploitation","District 22","Engins de service hivernal _ ACES","20/11/2030","Durable"
"Loudeac","ROUAUX","LUDOVIC","agent d'exploitation","District 22","Bennes amovibles _ ACES","16/06/2032","Durable"
"Loudeac","ROUAUX","LUDOVIC","agent d'exploitation","District 22","Tronçonnage","18/03/2027","Moins d'1 an"
"Loudeac","ROUAUX","LUDOVIC","agent d'exploitation","District 22","QUAPODES","16/11/2026","Moins de 6 mois"
"Loudeac","ROUAUX","LUDOVIC","agent d'exploitation","District 22","MTS _ Module théorique de Sécurité","22/05/2030","Durable"
"Loudeac","ROUAUX","LUDOVIC","agent d'exploitation","District 22","Tracteur >50 cv _ ACES","25/09/2028","Durable"
"Loudeac","ROUAUX","LUDOVIC","agent d'exploitation","District 22","tracteurs >50cv avec super-épareuse _ ACES engin de chantier","25/09/2028","Durable"
"Loudeac","ROUAUX","LUDOVIC","agent d'exploitation","District 22","Mini-pelles _ ACES","08/02/2034","Durable"
"Loudeac","ROUAUX","LUDOVIC","agent d'exploitation","District 22","Nacelles 1B _ ACES","04/06/2031","Durable"
"Loudeac","ROUAUX","LUDOVIC","agent d'exploitation","District 22","Nacelles 3B _ ACES","04/06/2031","Durable"
"Loudeac","ROUAUX","LUDOVIC","agent d'exploitation","District 22","Gerbeur _ ACES","21/09/2028","Durable"
"Loudeac","ROUAUX","LUDOVIC","agent d'exploitation","District 22","Grues auxiliaires _ ACES","16/06/2027","Moins d'1 an"
"Loudeac","ROUAUX","LUDOVIC","agent d'exploitation","District 22",NA,NA,NA
"Loudeac","TRAVAILLE","ROMAIN","agent d'exploitation","District 22","Engins de service hivernal _ ACES","25/09/2035","Durable"
"Loudeac","TRAVAILLE","ROMAIN","agent d'exploitation","District 22","QUAPODES","18/09/2030","Durable"
"Loudeac","TRAVAILLE","ROMAIN","agent d'exploitation","District 22","MTS _ Module théorique de Sécurité","16/09/2030","Durable"
"Loudeac","TRAVAILLE","ROMAIN","agent d'exploitation","District 22"," 100CV"">Tracteur >100CV _ ACES","22/05/2036","Durable"
"Loudeac","TRAVAILLE","ROMAIN","agent d'exploitation","District 22","Nacelles 1B _ ACES","04/06/2031","Durable"
"Loudeac","TRAVAILLE","ROMAIN","agent d'exploitation","District 22","Nacelles 3B _ ACES","04/06/2031","Durable"
"Loudeac","TRAVAILLE","ROMAIN","agent d'exploitation","District 22",NA,NA,NA
"Loudeac","URVOIX","JOEL","agent d'exploitation","District 22","Bennes amovibles _ ACES","28/05/2036","Durable"
"Loudeac","URVOIX","JOEL","agent d'exploitation","District 22","QUAPODES","18/09/2030","Durable"
"Loudeac","URVOIX","JOEL","agent d'exploitation","District 22","MTS _ Module théorique de Sécurité","16/09/2030","Durable"
"Loudeac","URVOIX","JOEL","agent d'exploitation","District 22"," 100CV"">Tracteur >100CV _ ACES","22/05/2036","Durable"
"Loudeac","URVOIX","JOEL","agent d'exploitation","District 22","Grues auxiliaires _ ACES","28/05/2031","Durable"
"Loudeac","URVOIX","JOEL","agent d'exploitation","District 22",NA,NA,NA
"Pleslin","ANDRIEN","CYRIL","agent d'exploitation","District 22","Engins de service hivernal _ ACES","06/02/2035","Durable"
"Pleslin","ANDRIEN","CYRIL","agent d'exploitation","District 22","Bennes amovibles _ ACES","13/09/2034","Durable"
"Pleslin","ANDRIEN","CYRIL","agent d'exploitation","District 22","Tronçonnage","10/03/2027","Moins d'1 an"
"Pleslin","ANDRIEN","CYRIL","agent d'exploitation","District 22","MTS _ Module théorique de Sécurité","27/06/2029","Durable"
"Pleslin","ANDRIEN","CYRIL","agent d'exploitation","District 22","AIPR Opérateur","22/11/2027","Durable"
"Pleslin","ANDRIEN","CYRIL","agent d'exploitation","District 22","Nacelles 1B _ ACES","19/05/2027","Moins d'1 an"
"Pleslin","ANDRIEN","CYRIL","agent d'exploitation","District 22","Nacelles 3B _ ACES","28/11/2029","Durable"
"Pleslin","ANDRIEN","CYRIL","agent d'exploitation","District 22","Grues auxiliaires _ ACES","13/09/2029","Durable"
"Pleslin","ANDRIEN","CYRIL","agent d'exploitation","District 22",NA,NA,NA
"Pleslin","CHAHEN","CEDRIC","agent d'exploitation","District 22","Engins de service hivernal _ ACES","18/12/2035","Durable"
"Pleslin","CHAHEN","CEDRIC","agent d'exploitation","District 22","Bennes amovibles _ ACES","18/12/2035","Durable"
"Pleslin","CHAHEN","CEDRIC","agent d'exploitation","District 22","Porte-engins _ ACES","12/10/2026","Moins de 6 mois"
"Pleslin","CHAHEN","CEDRIC","agent d'exploitation","District 22","Tronçonnage","13/03/2031","Durable"
"Pleslin","CHAHEN","CEDRIC","agent d'exploitation","District 22","MTS _ Module théorique de Sécurité","27/06/2029","Durable"
"Pleslin","CHAHEN","CEDRIC","agent d'exploitation","District 22","Mini-pelles _ ACES","12/10/2026","Moins de 6 mois"
"Pleslin","CHAHEN","CEDRIC","agent d'exploitation","District 22","Chariot élévateur- téléscopique_ ACES","28/06/2029","Durable"
"Pleslin","CHAHEN","CEDRIC","agent d'exploitation","District 22","Chariots automoteurs _ ACES","19/06/2030","Durable"
"Pleslin","CHAHEN","CEDRIC","agent d'exploitation","District 22","Nacelles 1B _ ACES","22/06/2027","Moins d'1 an"
"Pleslin","CHAHEN","CEDRIC","agent d'exploitation","District 22",NA,NA,NA
"Pleslin","DIAL","LENAICK","agent  d'exploitati","District 22","Engins de service hivernal _ ACES","06/02/2035","Durable"
"Pleslin","DIAL","LENAICK","agent  d'exploitati","District 22","Bennes amovibles _ ACES","13/09/2034","Durable"
"Pleslin","DIAL","LENAICK","agent  d'exploitati","District 22","Tronçonnage","23/02/2028","Durable"
"Pleslin","DIAL","LENAICK","agent  d'exploitati","District 22","MTS _ Module théorique de Sécurité","27/06/2029","Durable"
"Pleslin","DIAL","LENAICK","agent  d'exploitati","District 22","Chariot élévateur- téléscopique_ ACES","28/06/2029","Durable"
"Pleslin","DIAL","LENAICK","agent  d'exploitati","District 22","Chariots automoteurs _ ACES","17/03/2027","Moins d'1 an"
"Pleslin","DIAL","LENAICK","agent  d'exploitati","District 22","Nacelles 1B _ ACES","22/06/2027","Moins d'1 an"
"Pleslin","DIAL","LENAICK","agent  d'exploitati","District 22","Nacelles 3B _ ACES","28/11/2029","Durable"
"Pleslin","DIAL","LENAICK","agent  d'exploitati","District 22","Grues auxiliaires _ ACES","13/09/2029","Durable"
"Pleslin","DIAL","LENAICK","agent  d'exploitati","District 22",NA,NA,NA
"Pleslin","FAVREL","CLAUDE","agent d'exploitation","District 22","Engins de service hivernal _ ACES","05/01/2033","Durable"
"Pleslin","FAVREL","CLAUDE","agent d'exploitation","District 22","Bennes amovibles _ ACES","20/03/2034","Durable"
"Pleslin","FAVREL","CLAUDE","agent d'exploitation","District 22","Tronçonnage","07/11/2030","Durable"
"Pleslin","FAVREL","CLAUDE","agent d'exploitation","District 22","MTS _ Module théorique de Sécurité","27/06/2029","Durable"
"Pleslin","FAVREL","CLAUDE","agent d'exploitation","District 22","AIPR Opérateur","21/11/2028","Durable"
"Pleslin","FAVREL","CLAUDE","agent d'exploitation","District 22","Tondeuses autoportées _ ACES","09/09/2032","Durable"
"Pleslin","FAVREL","CLAUDE","agent d'exploitation","District 22","Tracteur >50 cv _ ACES","09/09/2032","Durable"
"Pleslin","FAVREL","CLAUDE","agent d'exploitation","District 22","tracteurs >50cv avec super-épareuse _ ACES engin de chantier","09/09/2032","Durable"
"Pleslin","FAVREL","CLAUDE","agent d'exploitation","District 22","Mini-pelles _ ACES","18/04/2034","Durable"
"Pleslin","FAVREL","CLAUDE","agent d'exploitation","District 22","Grues auxiliaires _ ACES","20/03/2029","Durable"
"Pleslin","FAVREL","CLAUDE","agent d'exploitation","District 22",NA,NA,NA
"Pleslin","GAUTHIER","DYLAN","agent d'exploitation","District 22","Engins de service hivernal _ ACES","06/02/2035","Durable"
"Pleslin","GAUTHIER","DYLAN","agent d'exploitation","District 22","Bennes amovibles _ ACES","26/03/2035","Durable"
"Pleslin","GAUTHIER","DYLAN","agent d'exploitation","District 22","Tronçonnage","07/11/2030","Durable"
"Pleslin","GAUTHIER","DYLAN","agent d'exploitation","District 22","MTS _ Module théorique de Sécurité","20/06/2029","Durable"
"Pleslin","GAUTHIER","DYLAN","agent d'exploitation","District 22","Chariots automoteurs _ ACES","19/06/2030","Durable"
"Pleslin","GAUTHIER","DYLAN","agent d'exploitation","District 22","Nacelles 1B _ ACES","27/03/2030","Durable"
"Pleslin","GAUTHIER","DYLAN","agent d'exploitation","District 22","Grues auxiliaires _ ACES","26/03/2030","Durable"
"Pleslin","GAUTHIER","DYLAN","agent d'exploitation","District 22",NA,NA,NA
"Pleslin","GILLET","NICOLAS","chef equipe a","District 22","Engins de service hivernal _ ACES","24/11/2031","Durable"
"Pleslin","GILLET","NICOLAS","chef equipe a","District 22","Bennes amovibles _ ACES","13/09/2034","Durable"
"Pleslin","GILLET","NICOLAS","chef equipe a","District 22","Tronçonnage","13/03/2031","Durable"
"Pleslin","GILLET","NICOLAS","chef equipe a","District 22","MTS _ Module théorique de Sécurité","11/09/2029","Durable"
"Pleslin","GILLET","NICOLAS","chef equipe a","District 22","AIPR - Concepteur","24/03/2028","Durable"
"Pleslin","GILLET","NICOLAS","chef equipe a","District 22","AIPR - Encadrant","24/03/2028","Durable"
"Pleslin","GILLET","NICOLAS","chef equipe a","District 22","Mini-pelles _ ACES","13/10/2026","Moins de 6 mois"
"Pleslin","GILLET","NICOLAS","chef equipe a","District 22","Chariots automoteurs _ ACES","19/06/2030","Durable"
"Pleslin","GILLET","NICOLAS","chef equipe a","District 22","Nacelles 3B _ ACES","28/11/2029","Durable"
"Pleslin","GILLET","NICOLAS","chef equipe a","District 22","Grues auxiliaires _ ACES","13/09/2029","Durable"
"Pleslin","GILLET","NICOLAS","chef equipe a","District 22",NA,NA,NA
"Pleslin","HINGAN","PHILIPPE","responsable de cei","District 22","Engins de service hivernal _ ACES","05/01/2033","Durable"
"Pleslin","HINGAN","PHILIPPE","responsable de cei","District 22","Tronçonnage","13/03/2031","Durable"
"Pleslin","HINGAN","PHILIPPE","responsable de cei","District 22","MTS _ Module théorique de Sécurité","22/05/2030","Durable"
"Pleslin","HINGAN","PHILIPPE","responsable de cei","District 22","AIPR - Concepteur","24/03/2028","Durable"
"Pleslin","HINGAN","PHILIPPE","responsable de cei","District 22","AIPR - Encadrant","24/03/2028","Durable"
"Pleslin","HINGAN","PHILIPPE","responsable de cei","District 22","Tondeuses autoportées _ ACES","09/09/2032","Durable"
"Pleslin","HINGAN","PHILIPPE","responsable de cei","District 22","Tracteur >50 cv _ ACES","09/09/2032","Durable"
"Pleslin","HINGAN","PHILIPPE","responsable de cei","District 22","tracteurs >50cv avec super-épareuse _ ACES engin de chantier","09/09/2032","Durable"
"Pleslin","HINGAN","PHILIPPE","responsable de cei","District 22","Chariots automoteurs _ ACES","24/02/2027","Moins de 6 mois"
"Pleslin","HINGAN","PHILIPPE","responsable de cei","District 22","Nacelles 1B _ ACES","22/06/2027","Moins d'1 an"
"Pleslin","HINGAN","PHILIPPE","responsable de cei","District 22",NA,NA,NA
"Pleslin","LEGENDRE","STEPHANE","agent d'exploitation","District 22","Engins de service hivernal _ ACES","01/03/2029","Durable"
"Pleslin","LEGENDRE","STEPHANE","agent d'exploitation","District 22","Bennes amovibles _ ACES","20/03/2034","Durable"
"Pleslin","LEGENDRE","STEPHANE","agent d'exploitation","District 22","Tronçonnage","10/03/2027","Moins d'1 an"
"Pleslin","LEGENDRE","STEPHANE","agent d'exploitation","District 22","MTS _ Module théorique de Sécurité","18/03/2030","Durable"
"Pleslin","LEGENDRE","STEPHANE","agent d'exploitation","District 22","AIPR - Encadrant","20/11/2028","Durable"
"Pleslin","LEGENDRE","STEPHANE","agent d'exploitation","District 22","Chariots automoteurs _ ACES","17/03/2027","Moins d'1 an"
"Pleslin","LEGENDRE","STEPHANE","agent d'exploitation","District 22","Nacelles 1B _ ACES","22/06/2027","Moins d'1 an"
"Pleslin","LEGENDRE","STEPHANE","agent d'exploitation","District 22","Grues auxiliaires _ ACES","20/03/2029","Durable"
"Pleslin","LEGENDRE","STEPHANE","agent d'exploitation","District 22",NA,NA,NA
"Pleslin","MONNIER","ARNAUD","chef equipe b","District 22","Engins de service hivernal _ ACES","18/12/2035","Durable"
"Pleslin","MONNIER","ARNAUD","chef equipe b","District 22","Bennes amovibles _ ACES","18/12/2035","Durable"
"Pleslin","MONNIER","ARNAUD","chef equipe b","District 22","Tronçonnage","13/03/2031","Durable"
"Pleslin","MONNIER","ARNAUD","chef equipe b","District 22","MTS _ Module théorique de Sécurité","18/03/2030","Durable"
"Pleslin","MONNIER","ARNAUD","chef equipe b","District 22","Nacelles 1B _ ACES","19/05/2027","Moins d'1 an"
"Pleslin","MONNIER","ARNAUD","chef equipe b","District 22",NA,NA,NA
"Pleslin","NAVIER","ALAIN","agent d'exploitation","District 22","Engins de service hivernal _ ACES","07/12/2027","Durable"
"Pleslin","NAVIER","ALAIN","agent d'exploitation","District 22","Tronçonnage","23/02/2028","Durable"
"Pleslin","NAVIER","ALAIN","agent d'exploitation","District 22","MTS _ Module théorique de Sécurité","27/06/2029","Durable"
"Pleslin","NAVIER","ALAIN","agent d'exploitation","District 22","AIPR Opérateur","19/11/2029","Durable"
"Pleslin","NAVIER","ALAIN","agent d'exploitation","District 22","Tondeuses autoportées _ ACES","09/09/2032","Durable"
"Pleslin","NAVIER","ALAIN","agent d'exploitation","District 22","Tracteur >50 cv _ ACES","09/09/2032","Durable"
"Pleslin","NAVIER","ALAIN","agent d'exploitation","District 22","tracteurs >50cv avec super-épareuse _ ACES engin de chantier","09/09/2032","Durable"
"Pleslin","NAVIER","ALAIN","agent d'exploitation","District 22","Chariots automoteurs _ ACES","17/03/2027","Moins d'1 an"
"Pleslin","NAVIER","ALAIN","agent d'exploitation","District 22",NA,NA,NA
"Pleslin","PHELEP","ERIC","agent d'exploitation","District 22","Engins de service hivernal _ ACES","18/12/2035","Durable"
"Pleslin","PHELEP","ERIC","agent d'exploitation","District 22","Bennes amovibles _ ACES","18/12/2035","Durable"
"Pleslin","PHELEP","ERIC","agent d'exploitation","District 22","Tronçonnage","13/03/2031","Durable"
"Pleslin","PHELEP","ERIC","agent d'exploitation","District 22","MTS _ Module théorique de Sécurité","18/03/2030","Durable"
"Pleslin","PHELEP","ERIC","agent d'exploitation","District 22","AIPR Opérateur","21/11/2028","Durable"
"Pleslin","PHELEP","ERIC","agent d'exploitation","District 22","Chariots automoteurs _ ACES","17/03/2027","Moins d'1 an"
"Pleslin","PHELEP","ERIC","agent d'exploitation","District 22","Grues auxiliaires _ ACES","26/03/2030","Durable"
"Pleslin","PHELEP","ERIC","agent d'exploitation","District 22",NA,NA,NA
"Pleslin","PROVOST","JULIEN","agent d'exploitation","District 22","Engins de service hivernal _ ACES","14/12/2028","Durable"
"Pleslin","PROVOST","JULIEN","agent d'exploitation","District 22","Porte-engins _ ACES","24/04/2035","Durable"
"Pleslin","PROVOST","JULIEN","agent d'exploitation","District 22","Tronçonnage","10/03/2027","Moins d'1 an"
"Pleslin","PROVOST","JULIEN","agent d'exploitation","District 22","MTS _ Module théorique de Sécurité","11/09/2029","Durable"
"Pleslin","PROVOST","JULIEN","agent d'exploitation","District 22","AIPR Opérateur","19/11/2029","Durable"
"Pleslin","PROVOST","JULIEN","agent d'exploitation","District 22","Tondeuses autoportées _ ACES","09/09/2032","Durable"
"Pleslin","PROVOST","JULIEN","agent d'exploitation","District 22","Tracteur >50 cv _ ACES","09/09/2032","Durable"
"Pleslin","PROVOST","JULIEN","agent d'exploitation","District 22","tracteurs >50cv avec super-épareuse _ ACES engin de chantier","09/09/2032","Durable"
"Pleslin","PROVOST","JULIEN","agent d'exploitation","District 22","Mini-pelles _ ACES","11/10/2026","Moins de 6 mois"
"Pleslin","PROVOST","JULIEN","agent d'exploitation","District 22","Chariot élévateur- téléscopique_ ACES","08/04/2031","Durable"
"Pleslin","PROVOST","JULIEN","agent d'exploitation","District 22","Chariots automoteurs _ ACES","19/06/2030","Durable"
"Pleslin","PROVOST","JULIEN","agent d'exploitation","District 22","Nacelles 1B _ ACES","22/06/2027","Moins d'1 an"
"Pleslin","PROVOST","JULIEN","agent d'exploitation","District 22","Nacelles 3B _ ACES","28/11/2029","Durable"
"Pleslin","PROVOST","JULIEN","agent d'exploitation","District 22",NA,NA,NA
"Pleslin","RAMOND","FABIEN","agent d'exploitation","District 22","Engins de service hivernal _ ACES","08/12/2033","Durable"
"Pleslin","RAMOND","FABIEN","agent d'exploitation","District 22","Chargeuses, chargeuses-pelleteuses _ ACES","28/02/2034","Durable"
"Pleslin","RAMOND","FABIEN","agent d'exploitation","District 22","QUAPODES","05/02/2031","Durable"
"Pleslin","RAMOND","FABIEN","agent d'exploitation","District 22","MTS _ Module théorique de Sécurité","24/03/2031","Durable"
"Pleslin","RAMOND","FABIEN","agent d'exploitation","District 22"," 100CV"">Tracteur >100CV _ ACES","19/04/2034","Durable"
"Pleslin","RAMOND","FABIEN","agent d'exploitation","District 22","Tondeuses autoportées _ ACES","19/04/2034","Durable"
"Pleslin","RAMOND","FABIEN","agent d'exploitation","District 22","Chariot élévateur- téléscopique_ ACES","11/01/2029","Durable"
"Pleslin","RAMOND","FABIEN","agent d'exploitation","District 22","Grues auxiliaires _ ACES","04/04/2030","Durable"
"Pleslin","RAMOND","FABIEN","agent d'exploitation","District 22",NA,NA,NA
"Pleslin","RANVEL","PATRICK","agent d'exploitation","District 22","Engins de service hivernal _ ACES","14/12/2028","Durable"
"Pleslin","RANVEL","PATRICK","agent d'exploitation","District 22","Bennes amovibles _ ACES","20/03/2034","Durable"
"Pleslin","RANVEL","PATRICK","agent d'exploitation","District 22","Tronçonnage","18/02/2027","Moins de 6 mois"
"Pleslin","RANVEL","PATRICK","agent d'exploitation","District 22","MTS _ Module théorique de Sécurité","27/06/2029","Durable"
"Pleslin","RANVEL","PATRICK","agent d'exploitation","District 22","AIPR Opérateur","21/11/2028","Durable"
"Pleslin","RANVEL","PATRICK","agent d'exploitation","District 22","Tondeuses autoportées _ ACES","09/09/2032","Durable"
"Pleslin","RANVEL","PATRICK","agent d'exploitation","District 22","Tracteur >50 cv _ ACES","09/09/2032","Durable"
"Pleslin","RANVEL","PATRICK","agent d'exploitation","District 22","tracteurs >50cv avec super-épareuse _ ACES engin de chantier","09/09/2032","Durable"
"Pleslin","RANVEL","PATRICK","agent d'exploitation","District 22","Mini-pelles _ ACES","18/04/2034","Durable"
"Pleslin","RANVEL","PATRICK","agent d'exploitation","District 22","Chariot élévateur- téléscopique_ ACES","28/06/2029","Durable"
"Pleslin","RANVEL","PATRICK","agent d'exploitation","District 22","Chariots automoteurs _ ACES","17/03/2027","Moins d'1 an"
"Pleslin","RANVEL","PATRICK","agent d'exploitation","District 22","Nacelles 1B _ ACES","19/05/2027","Moins d'1 an"
"Pleslin","RANVEL","PATRICK","agent d'exploitation","District 22","Grues auxiliaires _ ACES","20/03/2029","Durable"
"Pleslin","RANVEL","PATRICK","agent d'exploitation","District 22",NA,NA,NA
"Pleslin","RAVENEL","STEPHANE","responsable d'explo","District 22","Tronçonnage","23/02/2028","Durable"
"Pleslin","RAVENEL","STEPHANE","responsable d'explo","District 22","MTS _ Module théorique de Sécurité","22/05/2030","Durable"
"Pleslin","RAVENEL","STEPHANE","responsable d'explo","District 22","AIPR - Encadrant","20/11/2028","Durable"
"Pleslin","RAVENEL","STEPHANE","responsable d'explo","District 22",NA,NA,NA
"Pleslin","RIQUIER","LAURENT","agent d'exploitation","District 22","Engins de service hivernal _ ACES","05/01/2033","Durable"
"Pleslin","RIQUIER","LAURENT","agent d'exploitation","District 22","Bennes amovibles _ ACES","20/03/2034","Durable"
"Pleslin","RIQUIER","LAURENT","agent d'exploitation","District 22","Tronçonnage","06/03/2030","Durable"
"Pleslin","RIQUIER","LAURENT","agent d'exploitation","District 22","MTS _ Module théorique de Sécurité","27/06/2029","Durable"
"Pleslin","RIQUIER","LAURENT","agent d'exploitation","District 22","AIPR Opérateur","21/11/2028","Durable"
"Pleslin","RIQUIER","LAURENT","agent d'exploitation","District 22","Chariots automoteurs _ ACES","19/06/2030","Durable"
"Pleslin","RIQUIER","LAURENT","agent d'exploitation","District 22","Nacelles 1B _ ACES","22/06/2027","Moins d'1 an"
"Pleslin","RIQUIER","LAURENT","agent d'exploitation","District 22","Grues auxiliaires _ ACES","20/03/2029","Durable"
"Pleslin","RIQUIER","LAURENT","agent d'exploitation","District 22",NA,NA,NA
"Pleslin","ROBERT","CEDRIC",NA,"District 22","Engins de service hivernal _ ACES","05/01/2033","Durable"
"Pleslin","ROBERT","CEDRIC",NA,"District 22","Porte-engins _ ACES","24/04/2035","Durable"
"Pleslin","ROBERT","CEDRIC",NA,"District 22","Tronçonnage","25/02/2027","Moins de 6 mois"
"Pleslin","ROBERT","CEDRIC",NA,"District 22","MTS _ Module théorique de Sécurité","27/06/2029","Durable"
"Pleslin","ROBERT","CEDRIC",NA,"District 22","AIPR Opérateur","21/11/2028","Durable"
"Pleslin","ROBERT","CEDRIC",NA,"District 22","Tondeuses autoportées _ ACES","25/03/2032","Durable"
"Pleslin","ROBERT","CEDRIC",NA,"District 22","Tracteur >50 cv _ ACES","25/03/2032","Durable"
"Pleslin","ROBERT","CEDRIC",NA,"District 22","tracteurs >50cv avec super-épareuse _ ACES engin de chantier","25/03/2032","Durable"
"Pleslin","ROBERT","CEDRIC",NA,"District 22","Mini-pelles _ ACES","18/04/2034","Durable"
"Pleslin","ROBERT","CEDRIC",NA,"District 22","Chariot élévateur- téléscopique_ ACES","28/06/2029","Durable"
"Pleslin","ROQUET","ALAIN","agent d'exploitation","District 22","Engins de service hivernal _ ACES","14/12/2028","Durable"
"Pleslin","ROQUET","ALAIN","agent d'exploitation","District 22","Bennes amovibles _ ACES","13/09/2034","Durable"
"Pleslin","ROQUET","ALAIN","agent d'exploitation","District 22","Tronçonnage","13/03/2031","Durable"
"Pleslin","ROQUET","ALAIN","agent d'exploitation","District 22","MTS _ Module théorique de Sécurité","11/09/2029","Durable"
"Pleslin","ROQUET","ALAIN","agent d'exploitation","District 22","Grues auxiliaires _ ACES","13/09/2029","Durable"
"Pleslin","ROQUET","ALAIN","agent d'exploitation","District 22",NA,NA,NA
"Rostrenen","CHEREL","STEPHANE","agent d'exploitation","District 22","Engins de service hivernal _ ACES","15/11/2028","Durable"
"Rostrenen","CHEREL","STEPHANE","agent d'exploitation","District 22","Bennes amovibles _ ACES","13/05/2029","Durable"
"Rostrenen","CHEREL","STEPHANE","agent d'exploitation","District 22","AIPR Opérateur","22/11/2028","Durable"
"Rostrenen","CHEREL","STEPHANE","agent d'exploitation","District 22","Tondeuses autoportées _ ACES","14/12/2028","Durable"
"Rostrenen","CHEREL","STEPHANE","agent d'exploitation","District 22","Tracteur >50 cv _ ACES","14/12/2028","Durable"
"Rostrenen","CHEREL","STEPHANE","agent d'exploitation","District 22","tracteurs >50cv avec super-épareuse _ ACES engin de chantier","14/12/2028","Durable"
"Rostrenen","CHEREL","STEPHANE","agent d'exploitation","District 22",NA,NA,NA
"Rostrenen","COETMEUR","ANTHONY","agent d'exploitation","District 22","Engins de service hivernal _ ACES","28/11/2034","Durable"
"Rostrenen","COETMEUR","ANTHONY","agent d'exploitation","District 22","Bennes amovibles _ ACES","13/05/2029","Durable"
"Rostrenen","COETMEUR","ANTHONY","agent d'exploitation","District 22","Porte-engins _ ACES","11/10/2026","Moins de 6 mois"
"Rostrenen","COETMEUR","ANTHONY","agent d'exploitation","District 22","MTS _ Module théorique de Sécurité","06/03/2030","Durable"
"Rostrenen","COETMEUR","ANTHONY","agent d'exploitation","District 22","Mini-pelles _ ACES","11/10/2026","Moins de 6 mois"
"Rostrenen","COETMEUR","ANTHONY","agent d'exploitation","District 22",NA,NA,NA
"Rostrenen","FANIC","DORIAN","agent d'exploitation","District 22","Engins de service hivernal _ ACES","25/09/2035","Durable"
"Rostrenen","FANIC","DORIAN","agent d'exploitation","District 22","QUAPODES","27/11/2030","Durable"
"Rostrenen","FANIC","DORIAN","agent d'exploitation","District 22","MTS _ Module théorique de Sécurité","25/11/2030","Durable"
"Rostrenen","FANIC","DORIAN","agent d'exploitation","District 22"," 100CV"">Tracteur >100CV _ ACES","11/06/2036","Durable"
"Rostrenen","FANIC","DORIAN","agent d'exploitation","District 22",NA,NA,NA
"Rostrenen","GASNIER","TERENCE","agent d'exploitation","District 22","Engins de service hivernal _ ACES","24/11/2033","Durable"
"Rostrenen","GASNIER","TERENCE","agent d'exploitation","District 22","Bennes amovibles _ ACES","20/03/2034","Durable"
"Rostrenen","GASNIER","TERENCE","agent d'exploitation","District 22","Chargeuses, chargeuses-pelleteuses _ ACES","24/11/2033","Durable"
"Rostrenen","GASNIER","TERENCE","agent d'exploitation","District 22","Tronçonnage","08/11/2029","Durable"
"Rostrenen","GASNIER","TERENCE","agent d'exploitation","District 22","AIPR Opérateur","22/11/2028","Durable"
"Rostrenen","GASNIER","TERENCE","agent d'exploitation","District 22","Tondeuses autoportées _ ACES","08/09/2033","Durable"
"Rostrenen","GASNIER","TERENCE","agent d'exploitation","District 22","Tracteur >50 cv _ ACES","08/09/2033","Durable"
"Rostrenen","GASNIER","TERENCE","agent d'exploitation","District 22","tracteurs >50cv avec super-épareuse _ ACES engin de chantier","08/09/2033","Durable"
"Rostrenen","GASNIER","TERENCE","agent d'exploitation","District 22","Mini-pelles _ ACES","02/02/2034","Durable"
"Rostrenen","GASNIER","TERENCE","agent d'exploitation","District 22","Nacelles 1B _ ACES","04/06/2031","Durable"
"Rostrenen","GASNIER","TERENCE","agent d'exploitation","District 22","Nacelles 3B _ ACES","04/06/2031","Durable"
"Rostrenen","GASNIER","TERENCE","agent d'exploitation","District 22","Gerbeur _ ACES","14/09/2028","Durable"
"Rostrenen","GASNIER","TERENCE","agent d'exploitation","District 22","Grues auxiliaires _ ACES","20/03/2029","Durable"
"Rostrenen","GASNIER","TERENCE","agent d'exploitation","District 22",NA,NA,NA
"Rostrenen","HENAFF","LUC","agent d'exploitation","District 22","Engins de service hivernal _ ACES","22/01/2031","Durable"
"Rostrenen","HENAFF","LUC","agent d'exploitation","District 22","Bennes amovibles _ ACES","20/03/2034","Durable"
"Rostrenen","HENAFF","LUC","agent d'exploitation","District 22","MTS _ Module théorique de Sécurité","06/03/2030","Durable"
"Rostrenen","HENAFF","LUC","agent d'exploitation","District 22","AIPR Opérateur","22/11/2028","Durable"
"Rostrenen","HENAFF","LUC","agent d'exploitation","District 22","Tondeuses autoportées _ ACES","19/02/2031","Durable"
"Rostrenen","HENAFF","LUC","agent d'exploitation","District 22","Tracteur >50 cv _ ACES","19/02/2031","Durable"
"Rostrenen","HENAFF","LUC","agent d'exploitation","District 22","tracteurs >50cv avec super-épareuse _ ACES engin de chantier","19/02/2031","Durable"
"Rostrenen","HENAFF","LUC","agent d'exploitation","District 22","Mini-pelles _ ACES","08/02/2034","Durable"
"Rostrenen","HENAFF","LUC","agent d'exploitation","District 22","Gerbeur _ ACES","22/09/2027","Durable"
"Rostrenen","HENAFF","LUC","agent d'exploitation","District 22","Grues auxiliaires _ ACES","20/03/2029","Durable"
"Rostrenen","HENAFF","LUC","agent d'exploitation","District 22",NA,NA,NA
"Rostrenen","JOULIN","JEAN-FRANCOIS",NA,"District 22","Engins de service hivernal _ ACES","24/11/2033","Durable"
"Rostrenen","JOULIN","JEAN-FRANCOIS",NA,"District 22","Bennes amovibles _ ACES","13/05/2029","Durable"
"Rostrenen","JOULIN","JEAN-FRANCOIS",NA,"District 22","Chargeuses, chargeuses-pelleteuses _ ACES","24/11/2033","Durable"
"Rostrenen","JOULIN","JEAN-FRANCOIS",NA,"District 22","Tronçonnage","02/02/2028","Durable"
"Rostrenen","JOULIN","JEAN-FRANCOIS",NA,"District 22","MTS _ Module théorique de Sécurité","06/03/2030","Durable"
"Rostrenen","JOULIN","JEAN-FRANCOIS",NA,"District 22","AIPR - Encadrant","16/12/2026","Moins de 6 mois"
"Rostrenen","JOULIN","JEAN-FRANCOIS",NA,"District 22","Tondeuses autoportées _ ACES","13/09/2033","Durable"
"Rostrenen","JOULIN","JEAN-FRANCOIS",NA,"District 22","tracteurs >50cv avec super-épareuse _ ACES engin de chantier","13/09/2033","Durable"
"Rostrenen","JOULIN","JEAN-FRANCOIS",NA,"District 22","Mini-pelles _ ACES","02/02/2034","Durable"
"Rostrenen","JOULIN","JEAN-FRANCOIS",NA,"District 22","Gerbeur _ ACES","08/04/2031","Durable"
"Rostrenen","JOULIN","JEAN FRANCOIS","chef equipe b","District 22",NA,NA,NA
"Rostrenen","L'HERMITTE","SEBASTIEN",NA,"District 22","Engins de service hivernal _ ACES","15/11/2028","Durable"
"Rostrenen","L'HERMITTE","SEBASTIEN",NA,"District 22","Bennes amovibles _ ACES","28/05/2036","Durable"
"Rostrenen","L'HERMITTE","SEBASTIEN",NA,"District 22","Tronçonnage","02/02/2028","Durable"
"Rostrenen","L'HERMITTE","SEBASTIEN",NA,"District 22","Tondeuses autoportées _ ACES","19/02/2031","Durable"
"Rostrenen","L'HERMITTE","SEBASTIEN",NA,"District 22","Tracteur >50 cv _ ACES","19/02/2031","Durable"
"Rostrenen","L'HERMITTE","SEBASTIEN",NA,"District 22","tracteurs >50cv avec super-épareuse _ ACES engin de chantier","19/02/2031","Durable"
"Rostrenen","L'HERMITTE","SEBASTIEN",NA,"District 22","Mini-pelles _ ACES","02/02/2034","Durable"
"Rostrenen","L'HERMITTE","SEBASTIEN",NA,"District 22","Chariot élévateur- téléscopique_ ACES","26/09/2030","Durable"
"Rostrenen","L'HERMITTE","SEBASTIEN",NA,"District 22","Grues auxiliaires _ ACES","28/05/2031","Durable"
"Rostrenen","L HERMITTE","SEBASTIEN","agent d'exploitation","District 22",NA,NA,NA
"Rostrenen","LE MOUEL","CHRISTOPHE","responsable de cei","District 22","QUAPODES","27/11/2030","Durable"
"Rostrenen","LE MOUEL","CHRISTOPHE","responsable de cei","District 22",NA,NA,NA
"Rostrenen","LE SAUCE","GWENDAL","agent d'exploitation","District 22",NA,NA,NA
"Rostrenen","LESAUCE","GWENDAL",NA,"District 22","MTS _ Module théorique de Sécurité","06/03/2030","Durable"
"Rostrenen","LESAUCE","GWENDAL",NA,"District 22","AIPR Opérateur","15/12/2028","Durable"
"Rostrenen","LESAUCE","GWENDAL",NA,"District 22","Chariot élévateur- téléscopique_ ACES","26/09/2030","Durable"
"Rostrenen","LOSSOUARN","YANNICK","agent d'exploitation","District 22","Engins de service hivernal _ ACES","25/09/2035","Durable"
"Rostrenen","LOSSOUARN","YANNICK","agent d'exploitation","District 22","Tronçonnage","13/03/2031","Durable"
"Rostrenen","LOSSOUARN","YANNICK","agent d'exploitation","District 22","QUAPODES","18/09/2030","Durable"
"Rostrenen","LOSSOUARN","YANNICK","agent d'exploitation","District 22","MTS _ Module théorique de Sécurité","16/09/2030","Durable"
"Rostrenen","LOSSOUARN","YANNICK","agent d'exploitation","District 22"," 100CV"">Tracteur >100CV _ ACES","11/06/2036","Durable"
"Rostrenen","LOSSOUARN","YANNICK","agent d'exploitation","District 22",NA,NA,NA
"Rostrenen","MARTINEAU","LOIC","agent.e d'exploit","District 22","Engins de service hivernal _ ACES","25/09/2035","Durable"
"Rostrenen","MARTINEAU","LOIC","agent.e d'exploit","District 22","Tronçonnage","13/03/2031","Durable"
"Rostrenen","MARTINEAU","LOIC","agent.e d'exploit","District 22","QUAPODES","18/09/2030","Durable"
"Rostrenen","MARTINEAU","LOIC","agent.e d'exploit","District 22","MTS _ Module théorique de Sécurité","16/09/2030","Durable"
"Rostrenen","MARTINEAU","LOIC","agent.e d'exploit","District 22"," 100CV"">Tracteur >100CV _ ACES","11/06/2036","Durable"
"Rostrenen","MARTINEAU","LOIC","agent.e d'exploit","District 22",NA,NA,NA
"Rostrenen","PERAN","JEAN-MICHEL","responsable d'explo","District 22","Engins de service hivernal _ ACES","10/11/2031","Durable"
"Rostrenen","PERAN","JEAN-MICHEL","responsable d'explo","District 22","Bennes amovibles _ ACES","10/12/2031","Durable"
"Rostrenen","PERAN","JEAN-MICHEL","responsable d'explo","District 22","CACES R490 : grues de chargement","10/01/2033","Durable"
"Rostrenen","PERAN","JEAN-MICHEL","responsable d'explo","District 22","Tronçonnage","06/03/2031","Durable"
"Rostrenen","PERAN","JEAN-MICHEL","responsable d'explo","District 22","QUAPODES","03/07/2030","Durable"
"Rostrenen","PERAN","JEAN-MICHEL","responsable d'explo","District 22","MTS _ Module théorique de Sécurité","24/03/2031","Durable"
"Rostrenen","PERAN","JEAN-MICHEL","responsable d'explo","District 22","AIPR - Encadrant","20/11/2028","Durable"
"Rostrenen","PERAN","JEAN-MICHEL","responsable d'explo","District 22"," 100CV"">Tracteur >100CV _ ACES","11/06/2036","Durable"
"Rostrenen","PERAN","JEAN-MICHEL","responsable d'explo","District 22","CACES R489 cat3 : chariots automoteurs à conducteur porté","06/01/2033","Durable"
"Rostrenen","PERAN","JEAN-MICHEL","responsable d'explo","District 22","CACES R486 B : PEMP Nacelle 3B","05/01/2033","Durable"
"Rostrenen","PERAN","JEAN-MICHEL","responsable d'explo","District 22","Grues auxiliaires _ ACES","10/12/2026","Moins de 6 mois"
"Rostrenen","PERAN","JEAN-MICHEL","responsable d'explo","District 22",NA,NA,NA
"Rostrenen","TREUSSARD","LOIC","chef equipe a","District 22","Bennes amovibles _ ACES","27/03/2036","Durable"
"Rostrenen","TREUSSARD","LOIC","chef equipe a","District 22","Tronçonnage","02/02/2028","Durable"
"Rostrenen","TREUSSARD","LOIC","chef equipe a","District 22","AIPR - Encadrant","16/12/2026","Moins de 6 mois"
"Rostrenen","TREUSSARD","LOIC","chef equipe a","District 22","Tondeuses autoportées _ ACES","08/09/2033","Durable"
"Rostrenen","TREUSSARD","LOIC","chef equipe a","District 22","Tracteur >50 cv _ ACES","08/09/2033","Durable"
"Rostrenen","TREUSSARD","LOIC","chef equipe a","District 22","tracteurs >50cv avec super-épareuse _ ACES engin de chantier","08/09/2033","Durable"
"Rostrenen","TREUSSARD","LOIC","chef equipe a","District 22","Mini-pelles _ ACES","08/02/2034","Durable"
"Rostrenen","TREUSSARD","LOIC","chef equipe a","District 22","Nacelles 1B _ ACES","04/06/2031","Durable"
"Rostrenen","TREUSSARD","LOIC","chef equipe a","District 22","Nacelles 3B _ ACES","04/06/2031","Durable"
"Rostrenen","TREUSSARD","LOIC","chef equipe a","District 22","Gerbeur _ ACES","14/09/2028","Durable"
"Rostrenen","TREUSSARD","LOIC","chef equipe a","District 22","Grues auxiliaires _ ACES","27/03/2031","Durable"
"Rostrenen","TREUSSARD","LOIC","chef equipe a","District 22",NA,NA,NA
"Tramain","BELNA","JEROME","agent d'exploitation","District 22","Engins de service hivernal _ ACES","06/02/2035","Durable"
"Tramain","BELNA","JEROME","agent d'exploitation","District 22","Bennes amovibles _ ACES","13/09/2034","Durable"
"Tramain","BELNA","JEROME","agent d'exploitation","District 22","Tronçonnage","08/11/2029","Durable"
"Tramain","BELNA","JEROME","agent d'exploitation","District 22","QUAPODES recyclage","02/12/2026","Moins de 6 mois"
"Tramain","BELNA","JEROME","agent d'exploitation","District 22","MTS _ Module théorique de Sécurité","11/09/2029","Durable"
"Tramain","BELNA","JEROME","agent d'exploitation","District 22","Chariot élévateur- téléscopique_ ACES","18/06/2030","Durable"
"Tramain","BELNA","JEROME","agent d'exploitation","District 22","Nacelles 1B _ ACES","27/03/2030","Durable"
"Tramain","BELNA","JEROME","agent d'exploitation","District 22","Gerbeur _ ACES","22/09/2027","Durable"
"Tramain","BELNA","JEROME","agent d'exploitation","District 22","Grues auxiliaires _ ACES","13/09/2029","Durable"
"Tramain","BELNA","JEROME","agent d'exploitation","District 22",NA,NA,NA
"Tramain","BOUVIER","PATRICE","agent d'exploitation","District 22","Engins de service hivernal _ ACES","10/11/2031","Durable"
"Tramain","BOUVIER","PATRICE","agent d'exploitation","District 22","Bennes amovibles _ ACES","03/04/2036","Durable"
"Tramain","BOUVIER","PATRICE","agent d'exploitation","District 22","Tronçonnage","09/02/2028","Durable"
"Tramain","BOUVIER","PATRICE","agent d'exploitation","District 22","MTS _ Module théorique de Sécurité","18/03/2030","Durable"
"Tramain","BOUVIER","PATRICE","agent d'exploitation","District 22","AIPR Opérateur","22/11/2028","Durable"
"Tramain","BOUVIER","PATRICE","agent d'exploitation","District 22","Mini-pelles _ ACES","30/03/2033","Durable"
"Tramain","BOUVIER","PATRICE","agent d'exploitation","District 22","Chariot élévateur- téléscopique_ ACES","19/06/2030","Durable"
"Tramain","BOUVIER","PATRICE","agent d'exploitation","District 22","Chariots automoteurs _ ACES","24/02/2027","Moins de 6 mois"
"Tramain","BOUVIER","PATRICE","agent d'exploitation","District 22","Nacelles 1B _ ACES","27/03/2030","Durable"
"Tramain","BOUVIER","PATRICE","agent d'exploitation","District 22","Grues auxiliaires _ ACES","03/04/2031","Durable"
"Tramain","BOUVIER","PATRICE","agent d'exploitation","District 22",NA,NA,NA
"Tramain","CHOUANNIERE","ERIC","responsable d'explo","District 22","AIPR - Encadrant","07/11/2029","Durable"
"Tramain","CHOUANNIERE","ERIC","responsable d'explo","District 22",NA,NA,NA
"Tramain","DONNE","PHILIPPE","agent d'exploitation","District 22","Engins de service hivernal _ ACES","21/03/2029","Durable"
"Tramain","DONNE","PHILIPPE","agent d'exploitation","District 22","Bennes amovibles _ ACES","26/03/2035","Durable"
"Tramain","DONNE","PHILIPPE","agent d'exploitation","District 22","Tronçonnage","18/02/2027","Moins de 6 mois"
"Tramain","DONNE","PHILIPPE","agent d'exploitation","District 22","MTS _ Module théorique de Sécurité","25/03/2030","Durable"
"Tramain","DONNE","PHILIPPE","agent d'exploitation","District 22","AIPR Opérateur","14/11/2029","Durable"
"Tramain","DONNE","PHILIPPE","agent d'exploitation","District 22","Tondeuses autoportées _ ACES","21/10/2032","Durable"
"Tramain","DONNE","PHILIPPE","agent d'exploitation","District 22","Tracteur >50 cv _ ACES","21/10/2032","Durable"
"Tramain","DONNE","PHILIPPE","agent d'exploitation","District 22","tracteurs >50cv avec super-épareuse _ ACES engin de chantier","21/10/2032","Durable"
"Tramain","DONNE","PHILIPPE","agent d'exploitation","District 22","Chariot élévateur- téléscopique_ ACES","19/06/2030","Durable"
"Tramain","DONNE","PHILIPPE","agent d'exploitation","District 22","Grues auxiliaires _ ACES","26/03/2030","Durable"
"Tramain","DONNE","PHILIPPE","agent d'exploitation","District 22",NA,NA,NA
"Tramain","DUBUS","THIBAULT","agent d'exploitation","District 22","Engins de service hivernal _ ACES","09/12/2032","Durable"
"Tramain","DUBUS","THIBAULT","agent d'exploitation","District 22","Bennes amovibles _ ACES","20/03/2034","Durable"
"Tramain","DUBUS","THIBAULT","agent d'exploitation","District 22","Chargeuses, chargeuses-pelleteuses _ ACES","15/09/2033","Durable"
"Tramain","DUBUS","THIBAULT","agent d'exploitation","District 22","Porte-engins _ ACES","24/04/2035","Durable"
"Tramain","DUBUS","THIBAULT","agent d'exploitation","District 22","Tronçonnage","25/02/2027","Moins de 6 mois"
"Tramain","DUBUS","THIBAULT","agent d'exploitation","District 22","QUAPODES","15/06/2027","Moins d'1 an"
"Tramain","DUBUS","THIBAULT","agent d'exploitation","District 22","MTS _ Module théorique de Sécurité","25/03/2030","Durable"
"Tramain","DUBUS","THIBAULT","agent d'exploitation","District 22","AIPR Opérateur","14/11/2029","Durable"
"Tramain","DUBUS","THIBAULT","agent d'exploitation","District 22","Tondeuses autoportées _ ACES","13/09/2033","Durable"
"Tramain","DUBUS","THIBAULT","agent d'exploitation","District 22","tracteurs >50cv avec super-épareuse _ ACES engin de chantier","13/09/2033","Durable"
"Tramain","DUBUS","THIBAULT","agent d'exploitation","District 22","Mini-pelles _ ACES","30/03/2033","Durable"
"Tramain","DUBUS","THIBAULT","agent d'exploitation","District 22","Chariot élévateur- téléscopique_ ACES","09/04/2031","Durable"
"Tramain","DUBUS","THIBAULT","agent d'exploitation","District 22","Nacelles 1B _ ACES","27/03/2030","Durable"
"Tramain","DUBUS","THIBAULT","agent d'exploitation","District 22","Grues auxiliaires _ ACES","20/03/2029","Durable"
"Tramain","DUBUS","THIBAULT","agent d'exploitation","District 22",NA,NA,NA
"Tramain","ECOBICHON","PATRICE","responsable de cei","District 22","Bennes amovibles _ ACES","12/04/2028","Durable"
"Tramain","ECOBICHON","PATRICE","responsable de cei","District 22","MTS _ Module théorique de Sécurité","18/03/2030","Durable"
"Tramain","ECOBICHON","PATRICE","responsable de cei","District 22","Tondeuses autoportées _ ACES","14/12/2028","Durable"
"Tramain","ECOBICHON","PATRICE","responsable de cei","District 22","Tracteur >50 cv _ ACES","14/12/2028","Durable"
"Tramain","ECOBICHON","PATRICE","responsable de cei","District 22","tracteurs >50cv avec super-épareuse _ ACES engin de chantier","14/12/2028","Durable"
"Tramain","ECOBICHON","PATRICE","responsable de cei","District 22","Chariot élévateur- téléscopique_ ACES","18/06/2030","Durable"
"Tramain","ECOBICHON","PATRICE","responsable de cei","District 22",NA,NA,NA
"Tramain","FOUERE","QUENTIN","agent d'exploitation","District 22","Engins de service hivernal _ ACES","09/12/2032","Durable"
"Tramain","FOUERE","QUENTIN","agent d'exploitation","District 22","Bennes amovibles _ ACES","26/03/2035","Durable"
"Tramain","FOUERE","QUENTIN","agent d'exploitation","District 22","Porte-engins _ ACES","10/07/2035","Durable"
"Tramain","FOUERE","QUENTIN","agent d'exploitation","District 22","Tronçonnage","09/02/2028","Durable"
"Tramain","FOUERE","QUENTIN","agent d'exploitation","District 22","MTS _ Module théorique de Sécurité","25/03/2030","Durable"
"Tramain","FOUERE","QUENTIN","agent d'exploitation","District 22","AIPR Opérateur","21/11/2028","Durable"
"Tramain","FOUERE","QUENTIN","agent d'exploitation","District 22","Tondeuses autoportées _ ACES","25/03/2032","Durable"
"Tramain","FOUERE","QUENTIN","agent d'exploitation","District 22","Tracteur >50 cv _ ACES","25/03/2032","Durable"
"Tramain","FOUERE","QUENTIN","agent d'exploitation","District 22","tracteurs >50cv avec super-épareuse _ ACES engin de chantier","25/03/2032","Durable"
"Tramain","FOUERE","QUENTIN","agent d'exploitation","District 22","Mini-pelles _ ACES","30/03/2033","Durable"
"Tramain","FOUERE","QUENTIN","agent d'exploitation","District 22","Chariot élévateur- téléscopique_ ACES","19/06/2030","Durable"
"Tramain","FOUERE","QUENTIN","agent d'exploitation","District 22","Chariots automoteurs _ ACES","24/02/2027","Moins de 6 mois"
"Tramain","FOUERE","QUENTIN","agent d'exploitation","District 22","Nacelles 1B _ ACES","27/03/2030","Durable"
"Tramain","FOUERE","QUENTIN","agent d'exploitation","District 22","Grues auxiliaires _ ACES","26/03/2030","Durable"
"Tramain","FOUERE","QUENTIN","agent d'exploitation","District 22",NA,NA,NA
"Tramain","LANDRIN","SEBASTIEN","responsable d'explo","District 22","Engins de service hivernal _ ACES","28/11/2034","Durable"
"Tramain","LANDRIN","SEBASTIEN","responsable d'explo","District 22","Bennes amovibles _ ACES","26/03/2035","Durable"
"Tramain","LANDRIN","SEBASTIEN","responsable d'explo","District 22","Tronçonnage","18/02/2027","Moins de 6 mois"
"Tramain","LANDRIN","SEBASTIEN","responsable d'explo","District 22","MTS _ Module théorique de Sécurité","27/06/2029","Durable"
"Tramain","LANDRIN","SEBASTIEN","responsable d'explo","District 22","Mini-pelles _ ACES","18/04/2034","Durable"
"Tramain","LANDRIN","SEBASTIEN","responsable d'explo","District 22","Chariot élévateur- téléscopique_ ACES","28/06/2029","Durable"
"Tramain","LANDRIN","SEBASTIEN","responsable d'explo","District 22","Chariots automoteurs _ ACES","24/02/2027","Moins de 6 mois"
"Tramain","LANDRIN","SEBASTIEN","responsable d'explo","District 22","Nacelles 1B _ ACES","27/03/2030","Durable"
"Tramain","LANDRIN","SEBASTIEN","responsable d'explo","District 22","Grues auxiliaires _ ACES","26/03/2030","Durable"
"Tramain","LANDRIN","SEBASTIEN","responsable d'explo","District 22",NA,NA,NA
"Tramain","LE COZIC","SEBASTIEN","chef equipe a","District 22","MTS _ Module théorique de Sécurité","18/03/2030","Durable"
"Tramain","LE COZIC","SEBASTIEN","chef equipe a","District 22",NA,NA,NA
"Tramain","LEBRETON","STEPHANE","agent d'exploitation","District 22","Engins de service hivernal _ ACES","18/12/2035","Durable"
"Tramain","LEBRETON","STEPHANE","agent d'exploitation","District 22","Bennes amovibles _ ACES","03/04/2036","Durable"
"Tramain","LEBRETON","STEPHANE","agent d'exploitation","District 22","QUAPODES","18/09/2030","Durable"
"Tramain","LEBRETON","STEPHANE","agent d'exploitation","District 22","MTS _ Module théorique de Sécurité","16/09/2030","Durable"
"Tramain","LEBRETON","STEPHANE","agent d'exploitation","District 22","AIPR Opérateur","11/12/2028","Durable"
"Tramain","LEBRETON","STEPHANE","agent d'exploitation","District 22","Chariot élévateur- téléscopique_ ACES","09/04/2031","Durable"
"Tramain","LEBRETON","STEPHANE","agent d'exploitation","District 22","Grues auxiliaires _ ACES","03/04/2031","Durable"
"Tramain","LEBRETON","STEPHANE","agent d'exploitation","District 22",NA,NA,NA
"Tramain","MORIN","XAVIER","agent d'exploitation","District 22","Engins de service hivernal _ ACES","21/03/2029","Durable"
"Tramain","MORIN","XAVIER","agent d'exploitation","District 22","Bennes amovibles _ ACES","26/03/2035","Durable"
"Tramain","MORIN","XAVIER","agent d'exploitation","District 22","Porte-engins _ ACES","10/07/2035","Durable"
"Tramain","MORIN","XAVIER","agent d'exploitation","District 22","Tronçonnage","18/02/2027","Moins de 6 mois"
"Tramain","MORIN","XAVIER","agent d'exploitation","District 22","MTS _ Module théorique de Sécurité","25/03/2030","Durable"
"Tramain","MORIN","XAVIER","agent d'exploitation","District 22","AIPR Opérateur","21/11/2028","Durable"
"Tramain","MORIN","XAVIER","agent d'exploitation","District 22","Tondeuses autoportées _ ACES","21/10/2032","Durable"
"Tramain","MORIN","XAVIER","agent d'exploitation","District 22","Tracteur >50 cv _ ACES","21/10/2032","Durable"
"Tramain","MORIN","XAVIER","agent d'exploitation","District 22","tracteurs >50cv avec super-épareuse _ ACES engin de chantier","21/10/2032","Durable"
"Tramain","MORIN","XAVIER","agent d'exploitation","District 22","Mini-pelles _ ACES","30/03/2033","Durable"
"Tramain","MORIN","XAVIER","agent d'exploitation","District 22","Chariot élévateur- téléscopique_ ACES","09/04/2031","Durable"
"Tramain","MORIN","XAVIER","agent d'exploitation","District 22","Grues auxiliaires _ ACES","26/03/2030","Durable"
"Tramain","MORIN","XAVIER","agent d'exploitation","District 22",NA,NA,NA
"Tramain","OFFRET","JONATHAN","agent d'exploitation","District 22","Bennes amovibles _ ACES","03/04/2036","Durable"
"Tramain","OFFRET","JONATHAN","agent d'exploitation","District 22","Tronçonnage","24/02/2028","Durable"
"Tramain","OFFRET","JONATHAN","agent d'exploitation","District 22","QUAPODES","21/05/2031","Durable"
"Tramain","OFFRET","JONATHAN","agent d'exploitation","District 22","MTS _ Module théorique de Sécurité","19/09/2030","Durable"
"Tramain","OFFRET","JONATHAN","agent d'exploitation","District 22","AIPR Opérateur","28/02/2028","Durable"
"Tramain","OFFRET","JONATHAN","agent d'exploitation","District 22","Tondeuses autoportées _ ACES","08/09/2033","Durable"
"Tramain","OFFRET","JONATHAN","agent d'exploitation","District 22","Tracteur >50 cv _ ACES","08/09/2033","Durable"
"Tramain","OFFRET","JONATHAN","agent d'exploitation","District 22","tracteurs >50cv avec super-épareuse _ ACES engin de chantier","08/09/2033","Durable"
"Tramain","OFFRET","JONATHAN","agent d'exploitation","District 22","Chariot élévateur- téléscopique_ ACES","09/04/2031","Durable"
"Tramain","OFFRET","JONATHAN","agent d'exploitation","District 22","Nacelles 1B _ ACES","28/03/2028","Durable"
"Tramain","OFFRET","JONATHAN","agent d'exploitation","District 22","Grues auxiliaires _ ACES","03/04/2031","Durable"
"Tramain","OFFRET","JONATHAN","agent d'exploitation","District 22",NA,NA,NA
"Tramain","PRENVEILLE","NOAM","responsable d'explo","District 22","Engins de service hivernal _ ACES","21/03/2029","Durable"
"Tramain","PRENVEILLE","NOAM","responsable d'explo","District 22","Bennes amovibles _ ACES","03/04/2036","Durable"
"Tramain","PRENVEILLE","NOAM","responsable d'explo","District 22","MTS _ Module théorique de Sécurité","22/05/2030","Durable"
"Tramain","PRENVEILLE","NOAM","responsable d'explo","District 22","Tondeuses autoportées _ ACES","21/10/2032","Durable"
"Tramain","PRENVEILLE","NOAM","responsable d'explo","District 22","Tracteur >50 cv _ ACES","21/10/2032","Durable"
"Tramain","PRENVEILLE","NOAM","responsable d'explo","District 22","tracteurs >50cv avec super-épareuse _ ACES engin de chantier","21/10/2032","Durable"
"Tramain","PRENVEILLE","NOAM","responsable d'explo","District 22","Chariot élévateur- téléscopique_ ACES","09/04/2031","Durable"
"Tramain","PRENVEILLE","NOAM","responsable d'explo","District 22","Nacelles 1B _ ACES","22/04/2027","Moins d'1 an"
"Tramain","PRENVEILLE","NOAM","responsable d'explo","District 22","Grues auxiliaires _ ACES","03/04/2031","Durable"
"Tramain","PRENVEILLE","NOAM","responsable d'explo","District 22",NA,NA,NA
"Tramain","RAULT","FREDERIC","agent d'exploitation","District 22","Engins de service hivernal _ ACES","18/12/2035","Durable"
"Tramain","RAULT","FREDERIC","agent d'exploitation","District 22","Bennes amovibles _ ACES","18/12/2035","Durable"
"Tramain","RAULT","FREDERIC","agent d'exploitation","District 22","Porte-engins _ ACES","30/10/2028","Durable"
"Tramain","RAULT","FREDERIC","agent d'exploitation","District 22","Tronçonnage","06/03/2031","Durable"
"Tramain","RAULT","FREDERIC","agent d'exploitation","District 22","QUAPODES","23/05/2030","Durable"
"Tramain","RAULT","FREDERIC","agent d'exploitation","District 22","MTS _ Module théorique de Sécurité","27/05/2030","Durable"
"Tramain","RAULT","FREDERIC","agent d'exploitation","District 22"," 100CV"">Tracteur >100CV _ ACES","22/05/2036","Durable"
"Tramain","RAULT","FREDERIC","agent d'exploitation","District 22","Mini-pelles _ ACES","16/10/2028","Durable"
"Tramain","RAULT","FREDERIC","agent d'exploitation","District 22","Chariot élévateur- téléscopique_ ACES","19/06/2030","Durable"
"Tramain","RAULT","FREDERIC","agent d'exploitation","District 22",NA,NA,NA
"Tramain","ROBERT","LOIC","agent d'exploitation","District 22","Engins de service hivernal _ ACES","18/12/2035","Durable"
"Tramain","ROBERT","LOIC","agent d'exploitation","District 22","Bennes amovibles _ ACES","03/04/2036","Durable"
"Tramain","ROBERT","LOIC","agent d'exploitation","District 22","CACES R490 : grues de chargement","08/10/2031","Durable"
"Tramain","ROBERT","LOIC","agent d'exploitation","District 22","Tronçonnage","06/03/2031","Durable"
"Tramain","ROBERT","LOIC","agent d'exploitation","District 22","QUAPODES","27/11/2030","Durable"
"Tramain","ROBERT","LOIC","agent d'exploitation","District 22","MTS _ Module théorique de Sécurité","25/11/2030","Durable"
"Tramain","ROBERT","LOIC","agent d'exploitation","District 22","Chariot élévateur- téléscopique_ ACES","09/04/2031","Durable"
"Tramain","ROBERT","LOIC","agent d'exploitation","District 22","CACES R486 B : PEMP Nacelle 3B","05/04/2029","Durable"
"Tramain","ROBERT","LOIC","agent d'exploitation","District 22","Grues auxiliaires _ ACES","03/04/2031","Durable"
"Tramain","ROBERT","LOIC","agent d'exploitation","District 22",NA,NA,NA
"Tramain","ROBERT","VALENTIN","agent d'exploitation","District 22","Engins de service hivernal _ ACES","10/11/2031","Durable"
"Tramain","ROBERT","VALENTIN","agent d'exploitation","District 22","Bennes amovibles _ ACES","10/12/2031","Durable"
"Tramain","ROBERT","VALENTIN","agent d'exploitation","District 22","Tronçonnage","09/02/2028","Durable"
"Tramain","ROBERT","VALENTIN","agent d'exploitation","District 22","QUAPODES recyclage","01/12/2027","Durable"
"Tramain","ROBERT","VALENTIN","agent d'exploitation","District 22","MTS _ Module théorique de Sécurité","27/06/2029","Durable"
"Tramain","ROBERT","VALENTIN","agent d'exploitation","District 22","AIPR Opérateur","14/11/2029","Durable"
"Tramain","ROBERT","VALENTIN","agent d'exploitation","District 22","Tondeuses autoportées _ ACES","25/03/2032","Durable"
"Tramain","ROBERT","VALENTIN","agent d'exploitation","District 22","Tracteur >50 cv _ ACES","25/03/2032","Durable"
"Tramain","ROBERT","VALENTIN","agent d'exploitation","District 22","tracteurs >50cv avec super-épareuse _ ACES engin de chantier","25/03/2032","Durable"
"Tramain","ROBERT","VALENTIN","agent d'exploitation","District 22","Mini-pelles _ ACES","18/04/2034","Durable"
"Tramain","ROBERT","VALENTIN","agent d'exploitation","District 22","Chariot élévateur- téléscopique_ ACES","28/06/2029","Durable"
"Tramain","ROBERT","VALENTIN","agent d'exploitation","District 22","Chariots automoteurs _ ACES","24/02/2027","Moins de 6 mois"
"Tramain","ROBERT","VALENTIN","agent d'exploitation","District 22","Nacelles 1B _ ACES","22/04/2027","Moins d'1 an"
"Tramain","ROBERT","VALENTIN","agent d'exploitation","District 22","Grues auxiliaires _ ACES","10/12/2026","Moins de 6 mois"
"Tramain","ROBERT","VALENTIN","agent d'exploitation","District 22",NA,NA,NA
"Tramain","SOUVRE","ERIC","agent d'exploitation","District 22","Engins de service hivernal _ ACES","24/11/2033","Durable"
"Tramain","SOUVRE","ERIC","agent d'exploitation","District 22","Bennes amovibles _ ACES","25/03/2036","Durable"
"Tramain","SOUVRE","ERIC","agent d'exploitation","District 22","Chargeuses, chargeuses-pelleteuses _ ACES","24/11/2033","Durable"
"Tramain","SOUVRE","ERIC","agent d'exploitation","District 22","Tronçonnage","08/11/2029","Durable"
"Tramain","SOUVRE","ERIC","agent d'exploitation","District 22","QUAPODES","21/05/2031","Durable"
"Tramain","SOUVRE","ERIC","agent d'exploitation","District 22","MTS _ Module théorique de Sécurité","06/03/2030","Durable"
"Tramain","SOUVRE","ERIC","agent d'exploitation","District 22","Tondeuses autoportées _ ACES","08/09/2033","Durable"
"Tramain","SOUVRE","ERIC","agent d'exploitation","District 22","Tracteur >50 cv _ ACES","08/09/2033","Durable"
"Tramain","SOUVRE","ERIC","agent d'exploitation","District 22","tracteurs >50cv avec super-épareuse _ ACES engin de chantier","08/09/2033","Durable"
"Tramain","SOUVRE","ERIC","agent d'exploitation","District 22","Mini-pelles _ ACES","08/02/2034","Durable"
"Tramain","SOUVRE","ERIC","agent d'exploitation","District 22","Chariot élévateur- téléscopique_ ACES","09/04/2031","Durable"
"Tramain","SOUVRE","ERIC","agent d'exploitation","District 22","Grues auxiliaires _ ACES","25/03/2031","Durable"
"Tramain","SOUVRE","ERIC","agent d'exploitation","District 22",NA,NA,NA
